case_id,request_time,forecast_target_time,predicted_temperature,actual_temperature,temperature_abs_error,predicted_dew_point,actual_dew_point,dew_point_abs_error,predicted_wind_speed,actual_wind_speed,wind_speed_abs_error,average_abs_error
1,2005-05-29 02:00:00,2005-05-30 02:00:00,58.85,59.0,0.15,53.44,57.0,3.56,3.15,0.0,3.15,2.2867
2,2005-05-29 07:00:00,2005-05-30 07:00:00,59.25,62.0,2.75,54.73,59.0,4.27,3.64,6.0,2.36,3.1267
3,2005-05-29 12:00:00,2005-05-30 12:00:00,71.46,76.0,4.54,57.36,57.0,0.36,7.01,6.0,1.01,1.97
4,2005-05-29 17:00:00,2005-05-30 17:00:00,71.78,79.0,7.22,57.72,53.0,4.72,6.88,5.0,1.88,4.6067
5,2005-05-29 22:00:00,2005-05-30 22:00:00,65.25,67.0,1.75,59.67,61.0,1.33,4.5,7.0,2.5,1.86
6,2005-05-30 04:00:00,2005-05-31 04:00:00,58.59,60.0,1.41,54.51,60.0,5.49,4.24,0.0,4.24,3.7133
7,2005-05-30 09:00:00,2005-05-31 09:00:00,67.06,70.0,2.94,59.34,62.0,2.66,6.26,8.0,1.74,2.4467
8,2005-05-30 14:00:00,2005-05-31 14:00:00,75.35,80.0,4.65,58.93,57.0,1.93,6.79,11.0,4.21,3.5967
9,2005-05-30 19:00:00,2005-05-31 19:00:00,73.35,74.0,0.65,56.36,58.0,1.64,6.25,3.0,3.25,1.8467
10,2005-05-31 00:00:00,2005-06-01 00:00:00,64.22,67.0,2.78,59.34,60.0,0.66,3.59,3.0,0.59,1.3433
11,2005-05-31 06:00:00,2005-06-01 06:00:00,60.73,63.0,2.27,57.56,62.0,4.44,3.4,5.0,1.6,2.77
12,2005-05-31 11:00:00,2005-06-01 11:00:00,73.41,66.0,7.41,61.14,63.0,1.86,5.63,11.0,5.37,4.88
13,2005-05-31 16:00:00,2005-06-01 16:00:00,74.45,69.0,5.45,60.41,61.0,0.59,6.75,17.0,10.25,5.43
14,2005-05-31 21:00:00,2005-06-01 21:00:00,66.75,60.0,6.75,55.83,59.0,3.17,6.6,13.0,6.4,5.44
15,2005-06-01 02:00:00,2005-06-02 02:00:00,63.9,60.0,3.9,59.88,59.0,0.88,3.75,6.0,2.25,2.3433
16,2005-06-01 08:00:00,2005-06-02 08:00:00,65.21,63.0,2.21,61.13,60.0,1.13,4.5,0.0,4.5,2.6133
17,2005-06-01 13:00:00,2005-06-02 13:00:00,66.67,74.0,7.33,52.79,64.0,11.21,7.26,3.0,4.26,7.6
18,2005-06-01 18:00:00,2005-06-02 18:00:00,67.94,74.0,6.06,51.44,66.0,14.56,8.47,7.0,1.47,7.3633
19,2005-06-01 23:00:00,2005-06-02 23:00:00,53.89,67.0,13.11,45.2,64.0,18.8,7.46,5.0,2.46,11.4567
20,2005-06-02 04:00:00,2005-06-03 04:00:00,54.55,64.0,9.45,49.29,63.0,13.71,6.32,0.0,6.32,9.8267
21,2005-06-02 10:00:00,2005-06-03 10:00:00,65.06,69.0,3.94,55.09,64.0,8.91,7.38,5.0,2.38,5.0767
22,2005-06-02 15:00:00,2005-06-03 15:00:00,73.71,72.0,1.71,61.28,68.0,6.72,7.43,7.0,0.43,2.9533
23,2005-06-02 20:00:00,2005-06-03 20:00:00,70.93,70.0,0.93,62.57,68.0,5.43,8.33,3.0,5.33,3.8967
24,2005-06-03 01:00:00,2005-06-04 01:00:00,62.45,67.0,4.55,57.89,66.0,8.11,4.51,0.0,4.51,5.7233
25,2005-06-03 06:00:00,2005-06-04 06:00:00,64.3,67.0,2.7,61.13,65.0,3.87,5.26,6.0,0.74,2.4367
26,2005-06-03 12:00:00,2005-06-04 12:00:00,71.49,79.0,7.51,63.22,69.0,5.78,7.25,13.0,5.75,6.3467
27,2005-06-03 17:00:00,2005-06-04 17:00:00,75.21,82.0,6.79,63.6,68.0,4.4,8.06,6.0,2.06,4.4167
28,2005-06-03 22:00:00,2005-06-04 22:00:00,69.15,71.0,1.85,61.86,68.0,6.14,5.98,3.0,2.98,3.6567
29,2005-06-04 03:00:00,2005-06-05 03:00:00,65.28,66.0,0.72,62.56,65.0,2.44,3.93,0.0,3.93,2.3633
30,2005-06-04 08:00:00,2005-06-05 08:00:00,68.07,75.0,6.93,62.89,68.0,5.11,6.47,0.0,6.47,6.17
31,2005-06-04 14:00:00,2005-06-05 14:00:00,79.46,87.0,7.54,67.16,68.0,0.84,7.98,3.0,4.98,4.4533
32,2005-06-04 19:00:00,2005-06-05 19:00:00,79.03,83.0,3.97,67.78,69.0,1.22,7.38,6.0,1.38,2.19
33,2005-06-05 00:00:00,2005-06-06 00:00:00,69.44,74.0,4.56,65.31,69.0,3.69,4.71,6.0,1.29,3.18
34,2005-06-05 05:00:00,2005-06-06 05:00:00,65.2,71.0,5.8,62.85,68.0,5.15,3.71,0.0,3.71,4.8867
35,2005-06-05 11:00:00,2005-06-06 11:00:00,80.53,86.0,5.47,69.84,71.0,1.16,6.61,6.0,0.61,2.4133
36,2005-06-05 16:00:00,2005-06-06 16:00:00,83.05,84.0,0.95,70.04,73.0,2.96,7.91,8.0,0.09,1.3333
37,2005-06-05 21:00:00,2005-06-06 21:00:00,76.46,71.0,5.46,70.23,66.0,4.23,6.26,5.0,1.26,3.65
38,2005-06-06 02:00:00,2005-06-07 02:00:00,72.59,67.0,5.59,69.57,67.0,2.57,5.26,3.0,2.26,3.4733
39,2005-06-06 07:00:00,2005-06-07 07:00:00,72.32,70.0,2.32,69.33,66.0,3.33,5.08,0.0,5.08,3.5767
40,2005-06-06 13:00:00,2005-06-07 13:00:00,84.48,82.0,2.48,69.6,68.0,1.6,7.43,6.0,1.43,1.8367
41,2005-06-06 18:00:00,2005-06-07 18:00:00,78.59,82.0,3.41,68.84,67.0,1.84,7.58,5.0,2.58,2.61
42,2005-06-06 23:00:00,2005-06-07 23:00:00,69.79,72.0,2.21,63.85,72.0,8.15,5.71,3.0,2.71,4.3567
43,2005-06-07 04:00:00,2005-06-08 04:00:00,67.96,69.0,1.04,65.74,68.0,2.26,3.49,0.0,3.49,2.2633
44,2005-06-07 09:00:00,2005-06-08 09:00:00,73.64,77.0,3.36,67.14,69.0,1.86,4.96,3.0,1.96,2.3933
45,2005-06-07 15:00:00,2005-06-08 15:00:00,82.75,79.0,3.75,69.17,72.0,2.83,6.71,7.0,0.29,2.29
46,2005-06-07 20:00:00,2005-06-08 20:00:00,76.08,70.0,6.08,65.22,68.0,2.78,6.22,0.0,6.22,5.0267
47,2005-06-08 01:00:00,2005-06-09 01:00:00,71.95,68.0,3.95,68.15,67.0,1.15,4.14,0.0,4.14,3.08
48,2005-06-08 06:00:00,2005-06-09 06:00:00,70.59,70.0,0.59,68.05,69.0,0.95,4.37,3.0,1.37,0.97
49,2005-06-08 11:00:00,2005-06-09 11:00:00,78.13,82.0,3.87,69.04,72.0,2.96,6.65,3.0,3.65,3.4933
50,2005-06-08 17:00:00,2005-06-09 17:00:00,82.16,80.0,2.16,69.76,72.0,2.24,7.82,7.0,0.82,1.74
51,2005-06-08 22:00:00,2005-06-09 22:00:00,73.15,74.0,0.85,68.56,71.0,2.44,4.56,0.0,4.56,2.6167
52,2005-06-09 03:00:00,2005-06-10 03:00:00,69.94,70.0,0.06,67.06,70.0,2.94,3.24,0.0,3.24,2.08
53,2005-06-09 08:00:00,2005-06-10 08:00:00,73.83,73.0,0.83,67.83,72.0,4.17,6.01,3.0,3.01,2.67
54,2005-06-09 13:00:00,2005-06-10 13:00:00,84.11,76.0,8.11,70.72,73.0,2.28,7.15,8.0,0.85,3.7467
55,2005-06-09 19:00:00,2005-06-10 19:00:00,78.07,72.0,6.07,70.45,70.0,0.45,4.65,5.0,0.35,2.29
56,2005-06-10 00:00:00,2005-06-11 00:00:00,72.58,71.0,1.58,69.21,70.0,0.79,3.44,6.0,2.56,1.6433
57,2005-06-10 05:00:00,2005-06-11 05:00:00,70.1,71.0,0.9,67.96,71.0,3.04,3.09,7.0,3.91,2.6167
58,2005-06-10 10:00:00,2005-06-11 10:00:00,79.5,77.0,2.5,71.04,71.0,0.04,6.26,3.0,3.26,1.9333
59,2005-06-10 15:00:00,2005-06-11 15:00:00,80.3,82.0,1.7,69.83,64.0,5.83,5.61,9.0,3.39,3.64
60,2005-06-10 21:00:00,2005-06-11 21:00:00,73.87,72.0,1.87,69.41,67.0,2.41,4.27,7.0,2.73,2.3367
61,2005-06-11 02:00:00,2005-06-12 02:00:00,70.26,70.0,0.26,67.56,66.0,1.56,3.65,6.0,2.35,1.39
62,2005-06-11 07:00:00,2005-06-12 07:00:00,70.47,75.0,4.53,68.15,68.0,0.15,3.8,5.0,1.2,1.96
63,2005-06-11 12:00:00,2005-06-12 12:00:00,80.99,79.0,1.99,70.03,74.0,3.97,7.2,0.0,7.2,4.3867
64,2005-06-11 17:00:00,2005-06-12 17:00:00,77.93,84.0,6.07,63.51,70.0,6.49,7.06,10.0,2.94,5.1667
65,2005-06-11 23:00:00,2005-06-12 23:00:00,70.52,76.0,5.48,66.23,73.0,6.77,4.14,9.0,4.86,5.7033
66,2005-06-12 04:00:00,2005-06-13 04:00:00,68.94,71.0,2.06,66.02,69.0,2.98,3.52,13.0,9.48,4.84
67,2005-06-12 09:00:00,2005-06-13 09:00:00,74.49,76.0,1.51,68.27,71.0,2.73,4.74,10.0,5.26,3.1667
68,2005-06-12 14:00:00,2005-06-13 14:00:00,81.14,81.0,0.14,70.23,70.0,0.23,6.94,7.0,0.06,0.1433
69,2005-06-12 20:00:00,2005-06-13 20:00:00,79.51,78.0,1.51,70.49,70.0,0.49,6.76,0.0,6.76,2.92
70,2005-06-13 01:00:00,2005-06-14 01:00:00,73.05,72.0,1.05,69.88,70.0,0.12,2.81,0.0,2.81,1.3267
71,2005-06-13 06:00:00,2005-06-14 06:00:00,71.43,71.0,0.43,69.1,69.0,0.1,4.09,3.0,1.09,0.54
72,2005-06-13 11:00:00,2005-06-14 11:00:00,76.32,85.0,8.68,68.38,71.0,2.62,6.41,7.0,0.59,3.9633
73,2005-06-13 16:00:00,2005-06-14 16:00:00,82.3,88.0,5.7,66.87,69.0,2.13,9.09,14.0,4.91,4.2467
74,2005-06-13 22:00:00,2005-06-14 22:00:00,73.62,75.0,1.38,69.43,66.0,3.43,4.29,8.0,3.71,2.84
75,2005-06-14 03:00:00,2005-06-15 03:00:00,70.79,69.0,1.79,68.17,67.0,1.17,2.73,5.0,2.27,1.7433
76,2005-06-14 08:00:00,2005-06-15 08:00:00,72.85,76.0,3.15,69.22,67.0,2.22,4.31,5.0,0.69,2.02
77,2005-06-14 13:00:00,2005-06-15 13:00:00,82.65,84.0,1.35,70.5,64.0,6.5,7.83,9.0,1.17,3.0067
78,2005-06-14 18:00:00,2005-06-15 18:00:00,78.67,81.0,2.33,67.83,61.0,6.83,9.57,8.0,1.57,3.5767
79,2005-06-15 00:00:00,2005-06-16 00:00:00,72.55,70.0,2.55,68.82,63.0,5.82,3.79,0.0,3.79,4.0533
80,2005-06-15 05:00:00,2005-06-16 05:00:00,69.4,66.0,3.4,67.21,62.0,5.21,3.64,8.0,4.36,4.3233
81,2005-06-15 10:00:00,2005-06-16 10:00:00,77.43,79.0,1.57,66.71,62.0,4.71,6.59,10.0,3.41,3.23
82,2005-06-15 15:00:00,2005-06-16 15:00:00,79.79,83.0,3.21,65.78,59.0,6.78,9.46,10.0,0.54,3.51
83,2005-06-15 20:00:00,2005-06-16 20:00:00,76.43,71.0,5.43,66.65,56.0,10.65,7.45,6.0,1.45,5.8433
84,2005-06-16 02:00:00,2005-06-17 02:00:00,67.79,62.0,5.79,63.9,58.0,5.9,3.83,3.0,0.83,4.1733
85,2005-06-16 07:00:00,2005-06-17 07:00:00,67.85,67.0,0.85,64.22,55.0,9.22,3.9,8.0,4.1,4.7233
86,2005-06-16 12:00:00,2005-06-17 12:00:00,80.62,77.0,3.62,65.54,52.0,13.54,8.69,8.0,0.69,5.95
87,2005-06-16 17:00:00,2005-06-17 17:00:00,80.58,79.0,1.58,66.53,50.0,16.53,7.35,5.0,2.35,6.82
88,2005-06-16 22:00:00,2005-06-17 22:00:00,71.55,63.0,8.55,63.03,56.0,7.03,6.05,5.0,1.05,5.5433
89,2005-06-17 04:00:00,2005-06-18 04:00:00,64.69,55.0,9.69,61.32,54.0,7.32,2.66,3.0,0.34,5.7833
90,2005-06-17 09:00:00,2005-06-18 09:00:00,71.91,73.0,1.09,58.51,55.0,3.51,6.29,0.0,6.29,3.63
91,2005-06-17 14:00:00,2005-06-18 14:00:00,79.04,80.0,0.96,58.8,54.0,4.8,7.01,9.0,1.99,2.5833
92,2005-06-17 19:00:00,2005-06-18 19:00:00,75.67,74.0,1.67,57.07,57.0,0.07,6.39,7.0,0.61,0.7833
93,2005-06-18 00:00:00,2005-06-19 00:00:00,66.94,68.0,1.06,60.81,59.0,1.81,3.7,6.0,2.3,1.7233
94,2005-06-18 06:00:00,2005-06-19 06:00:00,59.91,65.0,5.09,56.19,61.0,4.81,2.7,3.0,0.3,3.4
95,2005-06-18 11:00:00,2005-06-19 11:00:00,75.62,79.0,3.38,60.89,61.0,0.11,5.98,0.0,5.98,3.1567
96,2005-06-18 16:00:00,2005-06-19 16:00:00,80.99,83.0,2.01,59.77,58.0,1.77,6.47,11.0,4.53,2.77
97,2005-06-18 21:00:00,2005-06-19 21:00:00,71.02,74.0,2.98,62.97,62.0,0.97,4.89,5.0,0.11,1.3533
98,2005-06-19 03:00:00,2005-06-20 03:00:00,66.45,63.0,3.45,62.7,61.0,1.7,2.86,0.0,2.86,2.67
99,2005-06-19 08:00:00,2005-06-20 08:00:00,68.23,71.0,2.77,62.67,62.0,0.67,3.97,3.0,0.97,1.47
100,2005-06-19 13:00:00,2005-06-20 13:00:00,81.83,78.0,3.83,62.34,63.0,0.66,6.78,13.0,6.22,3.57
101,2005-06-19 18:00:00,2005-06-20 18:00:00,79.66,68.0,11.66,61.06,61.0,0.06,6.98,8.0,1.02,4.2467
102,2005-06-19 23:00:00,2005-06-20 23:00:00,70.53,62.0,8.53,63.62,61.0,2.62,4.05,0.0,4.05,5.0667
103,2005-06-20 05:00:00,2005-06-21 05:00:00,65.23,61.0,4.23,61.41,59.0,2.41,3.08,3.0,0.08,2.24
104,2005-06-20 10:00:00,2005-06-21 10:00:00,73.24,74.0,0.76,62.69,61.0,1.69,5.67,8.0,2.33,1.5933
105,2005-06-20 15:00:00,2005-06-21 15:00:00,64.61,80.0,15.39,49.92,60.0,10.08,8.87,7.0,1.87,9.1133
106,2005-06-20 20:00:00,2005-06-21 20:00:00,66.92,74.0,7.08,59.0,63.0,4.0,5.56,6.0,0.44,3.84
107,2005-06-21 01:00:00,2005-06-22 01:00:00,60.88,68.0,7.12,56.33,64.0,7.67,3.78,0.0,3.78,6.19
108,2005-06-21 07:00:00,2005-06-22 07:00:00,61.31,70.0,8.69,56.69,66.0,9.31,5.11,7.0,1.89,6.63
109,2005-06-21 12:00:00,2005-06-22 12:00:00,75.95,82.0,6.05,61.53,61.0,0.53,6.2,5.0,1.2,2.5933
110,2005-06-21 17:00:00,2005-06-22 17:00:00,79.25,83.0,3.75,62.87,65.0,2.13,7.29,7.0,0.29,2.0567
111,2005-06-21 22:00:00,2005-06-22 22:00:00,70.32,73.0,2.68,64.45,66.0,1.55,6.01,5.0,1.01,1.7467
112,2005-06-22 03:00:00,2005-06-23 03:00:00,66.4,68.0,1.6,63.13,66.0,2.87,4.11,0.0,4.11,2.86
113,2005-06-22 09:00:00,2005-06-23 09:00:00,73.08,78.0,4.92,65.49,67.0,1.51,6.3,0.0,6.3,4.2433
114,2005-06-22 14:00:00,2005-06-23 14:00:00,82.0,88.0,6.0,62.59,59.0,3.59,8.5,6.0,2.5,4.03
115,2005-06-22 19:00:00,2005-06-23 19:00:00,78.94,80.0,1.06,65.9,60.0,5.9,6.72,3.0,3.72,3.56
116,2005-06-23 00:00:00,2005-06-24 00:00:00,71.22,70.0,1.22,66.41,61.0,5.41,5.09,0.0,5.09,3.9067
117,2005-06-23 05:00:00,2005-06-24 05:00:00,67.57,63.0,4.57,64.08,61.0,3.08,2.85,3.0,0.15,2.6
118,2005-06-23 11:00:00,2005-06-24 11:00:00,79.33,85.0,5.67,67.52,62.0,5.52,7.07,0.0,7.07,6.0867
119,2005-06-23 16:00:00,2005-06-24 16:00:00,80.88,89.0,8.12,62.37,58.0,4.37,7.22,0.0,7.22,6.57
120,2005-06-23 21:00:00,2005-06-24 21:00:00,69.52,76.0,6.48,61.98,67.0,5.02,4.81,3.0,1.81,4.4367
121,2005-06-24 02:00:00,2005-06-25 02:00:00,64.32,72.0,7.68,60.01,67.0,6.99,3.79,6.0,2.21,5.6267
122,2005-06-24 07:00:00,2005-06-25 07:00:00,66.71,72.0,5.29,62.57,66.0,3.43,3.67,5.0,1.33,3.35
123,2005-06-24 13:00:00,2005-06-25 13:00:00,83.09,87.0,3.91,66.65,64.0,2.65,11.15,10.0,1.15,2.57
124,2005-06-24 18:00:00,2005-06-25 18:00:00,81.19,85.0,3.81,65.31,65.0,0.31,7.27,6.0,1.27,1.7967
125,2005-06-24 23:00:00,2005-06-25 23:00:00,74.34,74.0,0.34,66.87,67.0,0.13,6.61,8.0,1.39,0.62
126,2005-06-25 04:00:00,2005-06-26 04:00:00,69.99,71.0,1.01,66.71,69.0,2.29,5.86,6.0,0.14,1.1467
127,2005-06-25 09:00:00,2005-06-26 09:00:00,75.66,79.0,3.34,67.25,66.0,1.25,6.7,0.0,6.7,3.7633
128,2005-06-25 15:00:00,2005-06-26 15:00:00,81.43,77.0,4.43,65.03,72.0,6.97,11.77,8.0,3.77,5.0567
129,2005-06-25 20:00:00,2005-06-26 20:00:00,76.43,79.0,2.57,66.61,68.0,1.39,8.22,0.0,8.22,4.06
130,2005-06-26 01:00:00,2005-06-27 01:00:00,69.88,75.0,5.12,66.02,70.0,3.98,6.67,3.0,3.67,4.2567
131,2005-06-26 06:00:00,2005-06-27 06:00:00,69.73,72.0,2.27,66.4,70.0,3.6,5.31,0.0,5.31,3.7267
132,2005-06-26 12:00:00,2005-06-27 12:00:00,78.84,87.0,8.16,66.59,70.0,3.41,8.45,5.0,3.45,5.0067
133,2005-06-26 17:00:00,2005-06-27 17:00:00,79.64,88.0,8.36,66.35,69.0,2.65,8.69,0.0,8.69,6.5667
134,2005-06-26 22:00:00,2005-06-27 22:00:00,75.03,75.0,0.03,68.76,69.0,0.24,6.06,7.0,0.94,0.4033
135,2005-06-27 03:00:00,2005-06-28 03:00:00,71.84,71.0,0.84,68.23,69.0,0.77,5.58,0.0,5.58,2.3967
136,2005-06-27 08:00:00,2005-06-28 08:00:00,73.52,74.0,0.48,68.79,71.0,2.21,6.5,3.0,3.5,2.0633
137,2005-06-27 14:00:00,2005-06-28 14:00:00,79.38,86.0,6.62,66.62,70.0,3.38,7.93,6.0,1.93,3.9767
138,2005-06-27 19:00:00,2005-06-28 19:00:00,79.23,81.0,1.77,69.66,69.0,0.66,8.16,8.0,0.16,0.8633
139,2005-06-28 00:00:00,2005-06-29 00:00:00,72.85,74.0,1.15,67.92,70.0,2.08,5.1,7.0,1.9,1.71
140,2005-06-28 05:00:00,2005-06-29 05:00:00,70.61,72.0,1.39,68.12,69.0,0.88,4.4,3.0,1.4,1.2233
141,2005-06-28 10:00:00,2005-06-29 10:00:00,76.77,82.0,5.23,67.9,70.0,2.1,7.06,5.0,2.06,3.13
142,2005-06-28 16:00:00,2005-06-29 16:00:00,80.64,88.0,7.36,68.61,69.0,0.39,7.27,6.0,1.27,3.0067
143,2005-06-28 21:00:00,2005-06-29 21:00:00,77.21,79.0,1.79,70.15,72.0,1.85,6.3,5.0,1.3,1.6467
144,2005-06-29 02:00:00,2005-06-30 02:00:00,71.89,73.0,1.11,68.85,70.0,1.15,4.32,0.0,4.32,2.1933
145,2005-06-29 07:00:00,2005-06-30 07:00:00,72.56,77.0,4.44,69.1,71.0,1.9,3.88,5.0,1.12,2.4867
146,2005-06-29 12:00:00,2005-06-30 12:00:00,82.45,88.0,5.55,70.76,71.0,0.24,6.28,3.0,3.28,3.0233
147,2005-06-29 18:00:00,2005-06-30 18:00:00,81.89,87.0,5.11,70.7,73.0,2.3,7.45,0.0,7.45,4.9533
148,2005-06-29 23:00:00,2005-06-30 23:00:00,74.96,79.0,4.04,70.32,73.0,2.68,4.22,0.0,4.22,3.6467
149,2005-06-30 04:00:00,2005-07-01 04:00:00,71.81,73.0,1.19,69.44,70.0,0.56,2.92,5.0,2.08,1.2767
150,2005-06-30 09:00:00,2005-07-01 09:00:00,76.18,84.0,7.82,70.92,72.0,1.08,4.03,3.0,1.03,3.31
151,2005-06-30 14:00:00,2005-07-01 14:00:00,86.22,80.0,6.22,71.53,68.0,3.53,7.14,18.0,10.86,6.87
152,2005-06-30 20:00:00,2005-07-01 20:00:00,79.57,75.0,4.57,71.02,68.0,3.02,6.04,3.0,3.04,3.5433
153,2005-07-01 01:00:00,2005-07-02 01:00:00,73.84,69.0,4.84,70.18,68.0,2.18,3.76,0.0,3.76,3.5933
154,2005-07-01 06:00:00,2005-07-02 06:00:00,71.95,70.0,1.95,69.68,68.0,1.68,2.9,3.0,0.1,1.2433
155,2005-07-01 11:00:00,2005-07-02 11:00:00,82.28,81.0,1.28,71.79,71.0,0.79,5.68,7.0,1.32,1.13
156,2005-07-01 16:00:00,2005-07-02 16:00:00,79.91,86.0,6.09,68.01,65.0,3.01,7.64,6.0,1.64,3.58
157,2005-07-01 22:00:00,2005-07-02 22:00:00,73.69,73.0,0.69,68.46,70.0,1.54,5.53,6.0,0.47,0.9
158,2005-07-02 03:00:00,2005-07-03 03:00:00,70.86,70.0,0.86,67.98,69.0,1.02,4.22,5.0,0.78,0.8867
159,2005-07-02 08:00:00,2005-07-03 08:00:00,73.15,74.0,0.85,69.1,70.0,0.9,4.03,5.0,0.97,0.9067
160,2005-07-02 13:00:00,2005-07-03 13:00:00,83.42,82.0,1.42,70.96,71.0,0.04,8.37,0.0,8.37,3.2767
161,2005-07-02 18:00:00,2005-07-03 18:00:00,81.32,79.0,2.32,69.38,72.0,2.62,6.91,0.0,6.91,3.95
162,2005-07-03 00:00:00,2005-07-04 00:00:00,72.6,71.0,1.6,68.03,70.0,1.97,4.31,7.0,2.69,2.0867
163,2005-07-03 05:00:00,2005-07-04 05:00:00,69.83,68.0,1.83,67.56,68.0,0.44,4.17,3.0,1.17,1.1467
164,2005-07-03 10:00:00,2005-07-04 10:00:00,74.57,82.0,7.43,64.46,71.0,6.54,7.5,3.0,4.5,6.1567
165,2005-07-03 15:00:00,2005-07-04 15:00:00,81.58,89.0,7.42,69.68,68.0,1.68,6.86,8.0,1.14,3.4133
166,2005-07-03 21:00:00,2005-07-04 21:00:00,75.68,74.0,1.68,69.52,70.0,0.48,5.43,5.0,0.43,0.8633
167,2005-07-04 02:00:00,2005-07-05 02:00:00,72.16,73.0,0.84,69.54,72.0,2.46,3.63,9.0,5.37,2.89
168,2005-07-04 07:00:00,2005-07-05 07:00:00,71.48,74.0,2.52,67.56,73.0,5.44,4.86,8.0,3.14,3.7
169,2005-07-04 12:00:00,2005-07-05 12:00:00,83.69,81.0,2.69,71.69,70.0,1.69,8.32,15.0,6.68,3.6867
170,2005-07-04 17:00:00,2005-07-05 17:00:00,82.42,83.0,0.58,69.46,71.0,1.54,8.6,8.0,0.6,0.9067
171,2005-07-04 23:00:00,2005-07-05 23:00:00,74.05,71.0,3.05,68.6,70.0,1.4,4.34,5.0,0.66,1.7033
172,2005-07-05 04:00:00,2005-07-06 04:00:00,71.18,72.0,0.82,68.93,70.0,1.07,3.75,6.0,2.25,1.38
173,2005-07-05 09:00:00,2005-07-06 09:00:00,77.93,75.0,2.93,70.65,73.0,2.35,6.15,9.0,2.85,2.71
174,2005-07-05 14:00:00,2005-07-06 14:00:00,80.54,73.0,7.54,69.41,71.0,1.59,9.24,7.0,2.24,3.79
175,2005-07-05 19:00:00,2005-07-06 19:00:00,76.67,73.0,3.67,69.38,72.0,2.62,5.73,6.0,0.27,2.1867
176,2005-07-06 01:00:00,2005-07-07 01:00:00,70.91,70.0,0.91,67.98,69.0,1.02,4.59,3.0,1.59,1.1733
177,2005-07-06 06:00:00,2005-07-07 06:00:00,70.56,65.0,5.56,68.04,64.0,4.04,3.5,14.0,10.5,6.7
178,2005-07-06 11:00:00,2005-07-07 11:00:00,78.89,66.0,12.89,70.55,65.0,5.55,6.92,10.0,3.08,7.1733
179,2005-07-06 16:00:00,2005-07-07 16:00:00,78.73,70.0,8.73,68.15,66.0,2.15,6.53,5.0,1.53,4.1367
180,2005-07-06 21:00:00,2005-07-07 21:00:00,73.18,66.0,7.18,68.95,64.0,4.95,4.5,0.0,4.5,5.5433
181,2005-07-07 03:00:00,2005-07-08 03:00:00,68.89,62.0,6.89,66.34,62.0,4.34,4.63,0.0,4.63,5.2867
182,2005-07-07 08:00:00,2005-07-08 08:00:00,68.99,66.0,2.99,64.79,66.0,1.21,5.84,3.0,2.84,2.3467
183,2005-07-07 13:00:00,2005-07-08 13:00:00,72.94,81.0,8.06,66.12,65.0,1.12,5.16,9.0,3.84,4.34
184,2005-07-07 18:00:00,2005-07-08 18:00:00,74.36,79.0,4.64,65.61,66.0,0.39,4.85,6.0,1.15,2.06
185,2005-07-07 23:00:00,2005-07-08 23:00:00,69.11,68.0,1.11,65.14,66.0,0.86,3.77,5.0,1.23,1.0667
186,2005-07-08 05:00:00,2005-07-09 05:00:00,64.37,62.0,2.37,60.98,62.0,1.02,4.31,0.0,4.31,2.5667
187,2005-07-08 10:00:00,2005-07-09 10:00:00,75.67,81.0,5.33,66.68,66.0,0.68,4.82,5.0,0.18,2.0633
188,2005-07-08 15:00:00,2005-07-09 15:00:00,80.51,87.0,6.49,66.63,63.0,3.63,6.94,5.0,1.94,4.02
189,2005-07-08 20:00:00,2005-07-09 20:00:00,75.01,79.0,3.99,65.76,68.0,2.24,5.01,3.0,2.01,2.7467
190,2005-07-09 01:00:00,2005-07-10 01:00:00,68.8,73.0,4.2,65.18,69.0,3.82,2.97,0.0,2.97,3.6633
191,2005-07-09 07:00:00,2005-07-10 07:00:00,67.19,74.0,6.81,63.83,69.0,5.17,2.8,3.0,0.2,4.06
192,2005-07-09 12:00:00,2005-07-10 12:00:00,81.6,85.0,3.4,67.09,70.0,2.91,8.0,6.0,2.0,2.77
193,2005-07-09 17:00:00,2005-07-10 17:00:00,80.13,83.0,2.87,66.35,73.0,6.65,8.33,5.0,3.33,4.2833
194,2005-07-09 22:00:00,2005-07-10 22:00:00,75.64,77.0,1.36,66.41,72.0,5.59,6.58,5.0,1.58,2.8433
195,2005-07-10 04:00:00,2005-07-11 04:00:00,71.12,71.0,0.12,67.06,70.0,2.94,6.28,10.0,3.72,2.26
196,2005-07-10 09:00:00,2005-07-11 09:00:00,72.95,74.0,1.05,67.18,69.0,1.82,6.5,10.0,3.5,2.1233
197,2005-07-10 14:00:00,2005-07-11 14:00:00,84.88,85.0,0.12,69.17,70.0,0.83,7.59,16.0,8.41,3.12
198,2005-07-10 19:00:00,2005-07-11 19:00:00,80.5,83.0,2.5,70.02,69.0,1.02,7.2,11.0,3.8,2.44
199,2005-07-11 00:00:00,2005-07-12 00:00:00,74.38,75.0,0.62,70.16,70.0,0.16,6.14,15.0,8.86,3.2133
200,2005-07-11 06:00:00,2005-07-12 06:00:00,70.56,76.0,5.44,67.74,67.0,0.74,6.42,14.0,7.58,4.5867
201,2005-07-11 11:00:00,2005-07-12 11:00:00,77.17,84.0,6.83,69.42,68.0,1.42,7.12,22.0,14.88,7.71
202,2005-07-11 16:00:00,2005-07-12 16:00:00,81.23,85.0,3.77,69.86,69.0,0.86,11.76,15.0,3.24,2.6233
203,2005-07-11 21:00:00,2005-07-12 21:00:00,75.65,78.0,2.35,68.03,70.0,1.97,7.73,10.0,2.27,2.1967
204,2005-07-12 02:00:00,2005-07-13 02:00:00,69.43,75.0,5.57,66.83,70.0,3.17,5.12,7.0,1.88,3.54
205,2005-07-12 08:00:00,2005-07-13 08:00:00,72.79,74.0,1.21,64.28,72.0,7.72,8.33,15.0,6.67,5.2
206,2005-07-12 13:00:00,2005-07-13 13:00:00,78.59,69.0,9.59,67.15,67.0,0.15,11.53,11.0,0.53,3.4233
207,2005-07-12 18:00:00,2005-07-13 18:00:00,78.17,75.0,3.17,67.78,70.0,2.22,11.97,5.0,6.97,4.12
208,2005-07-12 23:00:00,2005-07-13 23:00:00,69.57,72.0,2.43,65.17,72.0,6.83,6.17,8.0,1.83,3.6967
209,2005-07-13 04:00:00,2005-07-14 04:00:00,68.06,72.0,3.94,65.6,71.0,5.4,3.55,0.0,3.55,4.2967
210,2005-07-13 10:00:00,2005-07-14 10:00:00,75.01,73.0,2.01,64.99,71.0,6.01,7.93,15.0,7.07,5.03
211,2005-07-13 15:00:00,2005-07-14 15:00:00,76.83,81.0,4.17,65.18,73.0,7.82,8.19,13.0,4.81,5.6
212,2005-07-13 20:00:00,2005-07-14 20:00:00,75.13,76.0,0.87,67.02,71.0,3.98,7.52,8.0,0.48,1.7767
213,2005-07-14 01:00:00,2005-07-15 01:00:00,72.26,72.0,0.26,67.65,72.0,4.35,5.31,0.0,5.31,3.3067
214,2005-07-14 06:00:00,2005-07-15 06:00:00,71.08,72.0,0.92,67.3,71.0,3.7,5.03,5.0,0.03,1.55
215,2005-07-14 12:00:00,2005-07-15 12:00:00,76.15,82.0,5.85,67.6,73.0,5.4,6.6,13.0,6.4,5.8833
216,2005-07-14 17:00:00,2005-07-15 17:00:00,78.54,84.0,5.46,69.64,71.0,1.36,8.94,11.0,2.06,2.96
217,2005-07-14 22:00:00,2005-07-15 22:00:00,74.01,74.0,0.01,69.46,72.0,2.54,6.04,0.0,6.04,2.8633
218,2005-07-15 03:00:00,2005-07-16 03:00:00,71.53,73.0,1.47,68.68,71.0,2.32,3.88,6.0,2.12,1.97
219,2005-07-15 08:00:00,2005-07-16 08:00:00,74.01,76.0,1.99,67.74,71.0,3.26,6.32,11.0,4.68,3.31
220,2005-07-15 14:00:00,2005-07-16 14:00:00,81.16,84.0,2.84,70.25,72.0,1.75,10.89,14.0,3.11,2.5667
221,2005-07-15 19:00:00,2005-07-16 19:00:00,77.89,75.0,2.89,69.97,72.0,2.03,7.59,3.0,4.59,3.17
222,2005-07-16 00:00:00,2005-07-17 00:00:00,74.2,74.0,0.2,69.4,72.0,2.6,4.68,10.0,5.32,2.7067
223,2005-07-16 05:00:00,2005-07-17 05:00:00,71.8,72.0,0.2,69.59,72.0,2.41,3.94,5.0,1.06,1.2233
224,2005-07-16 10:00:00,2005-07-17 10:00:00,78.05,82.0,3.95,70.01,73.0,2.99,9.04,9.0,0.04,2.3267
225,2005-07-16 16:00:00,2005-07-17 16:00:00,81.22,83.0,1.78,70.33,71.0,0.67,10.16,7.0,3.16,1.87
226,2005-07-16 21:00:00,2005-07-17 21:00:00,72.86,78.0,5.14,68.99,72.0,3.01,4.38,6.0,1.62,3.2567
227,2005-07-17 02:00:00,2005-07-18 02:00:00,70.66,75.0,4.34,68.65,71.0,2.35,3.33,6.0,2.67,3.12
228,2005-07-17 07:00:00,2005-07-18 07:00:00,72.39,76.0,3.61,69.97,72.0,2.03,4.7,0.0,4.7,3.4467
229,2005-07-17 13:00:00,2005-07-18 13:00:00,81.29,88.0,6.71,70.05,73.0,2.95,10.86,9.0,1.86,3.84
230,2005-07-17 18:00:00,2005-07-18 18:00:00,80.24,81.0,0.76,68.47,73.0,4.53,8.0,3.0,5.0,3.43
231,2005-07-17 23:00:00,2005-07-18 23:00:00,72.61,75.0,2.39,68.76,71.0,2.24,6.28,6.0,0.28,1.6367
232,2005-07-18 04:00:00,2005-07-19 04:00:00,72.0,73.0,1.0,69.83,70.0,0.17,3.92,3.0,0.92,0.6967
233,2005-07-18 09:00:00,2005-07-19 09:00:00,76.57,83.0,6.43,70.86,73.0,2.14,5.15,3.0,2.15,3.5733
234,2005-07-18 15:00:00,2005-07-19 15:00:00,82.67,75.0,7.67,69.95,71.0,1.05,10.18,11.0,0.82,3.18
235,2005-07-18 20:00:00,2005-07-19 20:00:00,75.51,75.0,0.51,70.01,73.0,2.99,6.34,7.0,0.66,1.3867
236,2005-07-19 01:00:00,2005-07-20 01:00:00,72.93,73.0,0.07,70.42,72.0,1.58,4.91,0.0,4.91,2.1867
237,2005-07-19 06:00:00,2005-07-20 06:00:00,72.13,73.0,0.87,69.4,71.0,1.6,4.66,0.0,4.66,2.3767
238,2005-07-19 11:00:00,2005-07-20 11:00:00,81.5,85.0,3.5,71.77,73.0,1.23,10.06,5.0,5.06,3.2633
239,2005-07-19 17:00:00,2005-07-20 17:00:00,80.4,85.0,4.6,70.55,74.0,3.45,6.32,8.0,1.68,3.2433
240,2005-07-19 22:00:00,2005-07-20 22:00:00,74.05,78.0,3.95,70.22,75.0,4.78,4.08,6.0,1.92,3.55
241,2005-07-20 03:00:00,2005-07-21 03:00:00,71.1,76.0,4.9,69.02,75.0,5.98,3.57,6.0,2.43,4.4367
242,2005-07-20 08:00:00,2005-07-21 08:00:00,74.0,80.0,6.0,69.38,75.0,5.62,5.87,0.0,5.87,5.83
243,2005-07-20 13:00:00,2005-07-21 13:00:00,82.82,89.0,6.18,69.81,71.0,1.19,8.58,7.0,1.58,2.9833
244,2005-07-20 19:00:00,2005-07-21 19:00:00,79.08,82.0,2.92,70.11,72.0,1.89,7.69,7.0,0.69,1.8333
245,2005-07-21 00:00:00,2005-07-22 00:00:00,74.02,77.0,2.98,70.07,72.0,1.93,4.05,5.0,0.95,1.9533
246,2005-07-21 05:00:00,2005-07-22 05:00:00,70.68,73.0,2.32,68.13,71.0,2.87,2.76,0.0,2.76,2.65
247,2005-07-21 10:00:00,2005-07-22 10:00:00,80.15,83.0,2.85,70.72,71.0,0.28,6.28,6.0,0.28,1.1367
248,2005-07-21 15:00:00,2005-07-22 15:00:00,82.1,89.0,6.9,70.63,71.0,0.37,8.4,9.0,0.6,2.6233
249,2005-07-21 21:00:00,2005-07-22 21:00:00,78.16,81.0,2.84,70.27,70.0,0.27,7.02,3.0,4.02,2.3767
250,2005-07-22 02:00:00,2005-07-23 02:00:00,73.35,72.0,1.35,70.13,71.0,0.87,3.8,0.0,3.8,2.0067
251,2005-07-22 07:00:00,2005-07-23 07:00:00,72.76,77.0,4.24,69.87,71.0,1.13,3.45,8.0,4.55,3.3067
252,2005-07-22 12:00:00,2005-07-23 12:00:00,83.91,88.0,4.09,71.32,70.0,1.32,7.33,9.0,1.67,2.36
253,2005-07-22 17:00:00,2005-07-23 17:00:00,82.84,89.0,6.16,70.66,70.0,0.66,7.33,6.0,1.33,2.7167
254,2005-07-22 23:00:00,2005-07-23 23:00:00,74.47,78.0,3.53,70.09,71.0,0.91,3.93,5.0,1.07,1.8367
255,2005-07-23 04:00:00,2005-07-24 04:00:00,71.32,73.0,1.68,68.97,70.0,1.03,3.62,5.0,1.38,1.3633
256,2005-07-23 09:00:00,2005-07-24 09:00:00,77.12,81.0,3.88,71.02,71.0,0.02,4.11,5.0,0.89,1.5967
257,2005-07-23 14:00:00,2005-07-24 14:00:00,83.92,90.0,6.08,70.0,71.0,1.0,8.01,9.0,0.99,2.69
258,2005-07-23 19:00:00,2005-07-24 19:00:00,80.17,85.0,4.83,69.93,68.0,1.93,7.46,3.0,4.46,3.74
259,2005-07-24 01:00:00,2005-07-25 01:00:00,73.92,74.0,0.08,70.52,71.0,0.48,4.33,0.0,4.33,1.63
260,2005-07-24 06:00:00,2005-07-25 06:00:00,71.44,74.0,2.56,69.11,71.0,1.89,3.51,3.0,0.51,1.6533
261,2005-07-24 11:00:00,2005-07-25 11:00:00,81.87,88.0,6.13,70.53,73.0,2.47,8.01,0.0,8.01,5.5367
262,2005-07-24 16:00:00,2005-07-25 16:00:00,82.34,92.0,9.66,70.61,72.0,1.39,7.77,7.0,0.77,3.94
263,2005-07-24 22:00:00,2005-07-25 22:00:00,73.85,81.0,7.15,67.54,74.0,6.46,6.27,0.0,6.27,6.6267
264,2005-07-25 03:00:00,2005-07-26 03:00:00,70.64,75.0,4.36,67.67,73.0,5.33,4.39,5.0,0.61,3.4333
265,2005-07-25 08:00:00,2005-07-26 08:00:00,75.09,84.0,8.91,70.24,75.0,4.76,5.36,6.0,0.64,4.77
266,2005-07-25 13:00:00,2005-07-26 13:00:00,83.32,95.0,11.68,69.95,71.0,1.05,7.68,7.0,0.68,4.47
267,2005-07-25 18:00:00,2005-07-26 18:00:00,79.82,90.0,10.18,69.83,75.0,5.17,7.03,7.0,0.03,5.1267
268,2005-07-26 00:00:00,2005-07-27 00:00:00,75.59,79.0,3.41,70.37,74.0,3.63,4.68,7.0,2.32,3.12
269,2005-07-26 05:00:00,2005-07-27 05:00:00,72.36,78.0,5.64,70.11,74.0,3.89,4.28,5.0,0.72,3.4167
270,2005-07-26 10:00:00,2005-07-27 10:00:00,81.92,88.0,6.08,71.81,76.0,4.19,5.85,6.0,0.15,3.4733
271,2005-07-26 15:00:00,2005-07-27 15:00:00,80.42,93.0,12.58,71.05,71.0,0.05,7.57,10.0,2.43,5.02
272,2005-07-26 20:00:00,2005-07-27 20:00:00,79.04,73.0,6.04,70.12,70.0,0.12,7.19,0.0,7.19,4.45
273,2005-07-27 02:00:00,2005-07-28 02:00:00,74.18,70.0,4.18,70.17,69.0,1.17,4.74,3.0,1.74,2.3633
274,2005-07-27 07:00:00,2005-07-28 07:00:00,74.32,73.0,1.32,70.72,71.0,0.28,5.18,3.0,2.18,1.26
275,2005-07-27 12:00:00,2005-07-28 12:00:00,81.59,83.0,1.41,71.77,72.0,0.23,7.28,7.0,0.28,0.64
276,2005-07-27 17:00:00,2005-07-28 17:00:00,78.55,83.0,4.45,70.88,74.0,3.12,6.81,3.0,3.81,3.7933
277,2005-07-27 22:00:00,2005-07-28 22:00:00,76.68,72.0,4.68,69.22,69.0,0.22,6.42,6.0,0.42,1.7733
278,2005-07-28 04:00:00,2005-07-29 04:00:00,72.77,71.0,1.77,67.85,70.0,2.15,5.93,7.0,1.07,1.6633
279,2005-07-28 09:00:00,2005-07-29 09:00:00,77.17,75.0,2.17,67.5,71.0,3.5,7.68,6.0,1.68,2.45
280,2005-07-28 14:00:00,2005-07-29 14:00:00,83.3,84.0,0.7,70.78,72.0,1.22,8.98,9.0,0.02,0.6467
281,2005-07-28 19:00:00,2005-07-29 19:00:00,79.54,79.0,0.54,69.89,72.0,2.11,6.15,6.0,0.15,0.9333
282,2005-07-29 00:00:00,2005-07-30 00:00:00,72.6,74.0,1.4,68.24,70.0,1.76,5.07,6.0,0.93,1.3633
283,2005-07-29 06:00:00,2005-07-30 06:00:00,70.95,71.0,0.05,66.5,70.0,3.5,4.92,3.0,1.92,1.8233
284,2005-07-29 11:00:00,2005-07-30 11:00:00,78.96,82.0,3.04,66.36,71.0,4.64,8.3,7.0,1.3,2.9933
285,2005-07-29 16:00:00,2005-07-30 16:00:00,80.68,86.0,5.32,70.67,70.0,0.67,8.2,7.0,1.2,2.3967
286,2005-07-29 21:00:00,2005-07-30 21:00:00,77.14,79.0,1.86,70.57,72.0,1.43,5.36,5.0,0.36,1.2167
287,2005-07-30 02:00:00,2005-07-31 02:00:00,73.07,74.0,0.93,68.97,71.0,2.03,3.75,5.0,1.25,1.4033
288,2005-07-30 08:00:00,2005-07-31 08:00:00,74.1,77.0,2.9,66.96,71.0,4.04,5.5,0.0,5.5,4.1467
289,2005-07-30 13:00:00,2005-07-31 13:00:00,82.21,86.0,3.79,70.29,69.0,1.29,7.81,3.0,4.81,3.2967
290,2005-07-30 18:00:00,2005-07-31 18:00:00,83.7,77.0,6.7,68.29,68.0,0.29,7.25,10.0,2.75,3.2467
291,2005-07-30 23:00:00,2005-07-31 23:00:00,74.26,72.0,2.26,70.52,70.0,0.52,3.15,0.0,3.15,1.9767
292,2005-07-31 05:00:00,2005-08-01 05:00:00,71.45,68.0,3.45,70.04,68.0,2.04,2.18,0.0,2.18,2.5567
293,2005-07-31 10:00:00,2005-08-01 10:00:00,77.67,81.0,3.33,71.19,70.0,1.19,4.97,5.0,0.03,1.5167
294,2005-07-31 15:00:00,2005-08-01 15:00:00,81.57,88.0,6.43,70.75,67.0,3.75,7.15,9.0,1.85,4.01
295,2005-07-31 20:00:00,2005-08-01 20:00:00,76.94,78.0,1.06,70.13,70.0,0.13,6.03,6.0,0.03,0.4067
296,2005-08-01 01:00:00,2005-08-02 01:00:00,71.56,72.0,0.44,68.58,66.0,2.58,3.46,3.0,0.46,1.16
297,2005-08-01 07:00:00,2005-08-02 07:00:00,70.23,72.0,1.77,67.72,68.0,0.28,3.47,5.0,1.53,1.1933
298,2005-08-01 12:00:00,2005-08-02 12:00:00,81.9,86.0,4.1,70.98,62.0,8.98,7.66,9.0,1.34,4.8067
299,2005-08-01 17:00:00,2005-08-02 17:00:00,81.82,89.0,7.18,68.45,63.0,5.45,9.21,7.0,2.21,4.9467
300,2005-08-01 22:00:00,2005-08-02 22:00:00,74.31,75.0,0.69,68.34,68.0,0.34,5.36,3.0,2.36,1.13
301,2005-08-02 03:00:00,2005-08-03 03:00:00,70.24,71.0,0.76,67.18,67.0,0.18,3.86,0.0,3.86,1.6
302,2005-08-02 09:00:00,2005-08-03 09:00:00,74.2,81.0,6.8,68.69,70.0,1.31,5.08,0.0,5.08,4.3967
303,2005-08-02 14:00:00,2005-08-03 14:00:00,82.28,92.0,9.72,66.74,65.0,1.74,10.11,6.0,4.11,5.19
304,2005-08-02 19:00:00,2005-08-03 20:00:00,80.88,82.0,1.12,66.6,67.0,0.4,7.8,0.0,7.8,3.1067
305,2005-08-03 00:00:00,2005-08-04 01:00:00,71.6,73.0,1.4,66.54,70.0,3.46,4.38,0.0,4.38,3.08
306,2005-08-03 05:00:00,2005-08-04 06:00:00,70.8,72.0,1.2,67.9,69.0,1.1,3.61,0.0,3.61,1.97
307,2005-08-03 11:00:00,2005-08-04 12:00:00,81.91,89.0,7.09,70.57,68.0,2.57,6.52,7.0,0.48,3.38
308,2005-08-03 16:00:00,2005-08-04 17:00:00,81.99,88.0,6.01,66.9,68.0,1.1,11.79,3.0,8.79,5.3
309,2005-08-03 22:00:00,2005-08-04 22:00:00,75.13,78.0,2.87,66.81,72.0,5.19,7.15,0.0,7.15,5.07
310,2005-08-04 03:00:00,2005-08-05 03:00:00,71.2,72.0,0.8,66.88,70.0,3.12,5.33,0.0,5.33,3.0833
311,2005-08-04 08:00:00,2005-08-05 08:00:00,72.83,80.0,7.17,68.79,71.0,2.21,6.0,0.0,6.0,5.1267
312,2005-08-04 14:00:00,2005-08-05 14:00:00,83.91,92.0,8.09,68.39,64.0,4.39,8.86,3.0,5.86,6.1133
313,2005-08-04 19:00:00,2005-08-05 19:00:00,78.3,81.0,2.7,69.77,68.0,1.77,7.98,15.0,7.02,3.83
314,2005-08-05 00:00:00,2005-08-06 00:00:00,72.97,71.0,1.97,68.86,68.0,0.86,6.11,3.0,3.11,1.98
315,2005-08-05 05:00:00,2005-08-06 05:00:00,71.11,69.0,2.11,68.48,68.0,0.48,5.0,0.0,5.0,2.53
316,2005-08-05 10:00:00,2005-08-06 10:00:00,80.97,80.0,0.97,71.59,69.0,2.59,4.75,0.0,4.75,2.77
317,2005-08-05 16:00:00,2005-08-06 16:00:00,81.03,78.0,3.03,68.07,71.0,2.93,9.39,6.0,3.39,3.1167
318,2005-08-05 21:00:00,2005-08-06 21:00:00,73.94,75.0,1.06,66.66,69.0,2.34,6.44,5.0,1.44,1.6133
319,2005-08-06 02:00:00,2005-08-07 02:00:00,70.69,71.0,0.31,67.1,68.0,0.9,4.24,0.0,4.24,1.8167
320,2005-08-06 07:00:00,2005-08-07 07:00:00,69.92,71.0,1.08,66.37,70.0,3.63,4.31,3.0,1.31,2.0067
321,2005-08-06 12:00:00,2005-08-07 12:00:00,83.17,73.0,10.17,70.96,70.0,0.96,6.99,7.0,0.01,3.7133
322,2005-08-06 18:00:00,2005-08-07 18:00:00,79.81,72.0,7.81,65.51,70.0,4.49,8.06,9.0,0.94,4.4133
323,2005-08-06 23:00:00,2005-08-07 23:00:00,73.56,70.0,3.56,68.32,70.0,1.68,5.69,6.0,0.31,1.85
324,2005-08-07 04:00:00,2005-08-08 04:00:00,70.93,68.0,2.93,68.05,67.0,1.05,4.65,8.0,3.35,2.4433
325,2005-08-07 09:00:00,2005-08-08 09:00:00,73.26,70.0,3.26,65.87,69.0,3.13,6.25,11.0,4.75,3.7133
326,2005-08-07 15:00:00,2005-08-08 15:00:00,78.76,80.0,1.24,65.33,69.0,3.67,7.56,11.0,3.44,2.7833
327,2005-08-07 20:00:00,2005-08-08 20:00:00,74.54,74.0,0.54,68.3,71.0,2.7,5.66,3.0,2.66,1.9667
328,2005-08-08 01:00:00,2005-08-09 01:00:00,69.49,72.0,2.51,65.7,71.0,5.3,4.68,0.0,4.68,4.1633
329,2005-08-08 06:00:00,2005-08-09 06:00:00,67.96,70.0,2.04,65.73,70.0,4.27,3.79,3.0,0.79,2.3667
330,2005-08-08 11:00:00,2005-08-09 11:00:00,74.2,83.0,8.8,64.69,70.0,5.31,6.46,8.0,1.54,5.2167
331,2005-08-08 17:00:00,2005-08-09 17:00:00,81.08,85.0,3.92,68.91,70.0,1.09,6.65,7.0,0.35,1.7867
332,2005-08-08 22:00:00,2005-08-09 22:00:00,73.32,76.0,2.68,69.13,72.0,2.87,3.4,0.0,3.4,2.9833
333,2005-08-09 03:00:00,2005-08-10 03:00:00,70.77,71.0,0.23,68.31,70.0,1.69,2.72,0.0,2.72,1.5467
334,2005-08-09 08:00:00,2005-08-10 08:00:00,71.72,78.0,6.28,68.65,71.0,2.35,3.82,0.0,3.82,4.15
335,2005-08-09 13:00:00,2005-08-10 13:00:00,82.85,89.0,6.15,68.68,66.0,2.68,7.49,3.0,4.49,4.44
336,2005-08-09 19:00:00,2005-08-10 19:00:00,81.8,83.0,1.2,68.16,64.0,4.16,7.35,3.0,4.35,3.2367
337,2005-08-10 00:00:00,2005-08-11 00:00:00,73.76,73.0,0.76,70.04,67.0,3.04,3.29,0.0,3.29,2.3633
338,2005-08-10 05:00:00,2005-08-11 05:00:00,72.07,68.0,4.07,69.86,67.0,2.86,3.01,3.0,0.01,2.3133
339,2005-08-10 10:00:00,2005-08-11 10:00:00,78.88,83.0,4.12,70.84,70.0,0.84,5.2,5.0,0.2,1.72
340,2005-08-10 15:00:00,2005-08-11 15:00:00,83.14,91.0,7.86,68.92,65.0,3.92,8.69,5.0,3.69,5.1567
341,2005-08-10 21:00:00,2005-08-11 21:00:00,76.36,81.0,4.64,65.73,71.0,5.27,7.22,0.0,7.22,5.71
342,2005-08-11 02:00:00,2005-08-12 02:00:00,70.04,73.0,2.96,65.71,69.0,3.29,4.71,0.0,4.71,3.6533
343,2005-08-11 07:00:00,2005-08-12 07:00:00,70.14,75.0,4.86,67.61,70.0,2.39,3.38,0.0,3.38,3.5433
344,2005-08-11 12:00:00,2005-08-12 12:00:00,83.5,88.0,4.5,71.11,71.0,0.11,7.16,5.0,2.16,2.2567
345,2005-08-11 17:00:00,2005-08-12 17:00:00,80.17,90.0,9.83,68.37,66.0,2.37,9.7,8.0,1.7,4.6333
346,2005-08-11 23:00:00,2005-08-12 23:00:00,73.59,78.0,4.41,68.43,72.0,3.57,5.06,6.0,0.94,2.9733
347,2005-08-12 04:00:00,2005-08-13 04:00:00,71.78,73.0,1.22,69.1,71.0,1.9,4.24,0.0,4.24,2.4533
348,2005-08-12 09:00:00,2005-08-13 09:00:00,76.99,83.0,6.01,70.9,72.0,1.1,5.6,5.0,0.6,2.57
349,2005-08-12 14:00:00,2005-08-13 14:00:00,84.01,81.0,3.01,71.23,73.0,1.77,7.24,13.0,5.76,3.5133
350,2005-08-12 19:00:00,2005-08-13 19:00:00,78.05,72.0,6.05,66.75,71.0,4.25,11.42,7.0,4.42,4.9067
351,2005-08-13 01:00:00,2005-08-14 01:00:00,72.15,70.0,2.15,68.12,70.0,1.88,5.17,3.0,2.17,2.0667
352,2005-08-13 06:00:00,2005-08-14 06:00:00,71.12,70.0,1.12,68.49,70.0,1.51,4.36,3.0,1.36,1.33
353,2005-08-13 11:00:00,2005-08-14 11:00:00,82.09,78.0,4.09,71.62,71.0,0.62,5.82,0.0,5.82,3.51
354,2005-08-13 16:00:00,2005-08-14 16:00:00,81.61,88.0,6.39,66.88,70.0,3.12,8.25,0.0,8.25,5.92
355,2005-08-13 21:00:00,2005-08-14 21:00:00,76.39,80.0,3.61,69.58,75.0,5.42,7.01,0.0,7.01,5.3467
356,2005-08-14 03:00:00,2005-08-15 03:00:00,71.2,73.0,1.8,67.74,72.0,4.26,4.37,5.0,0.63,2.23
357,2005-08-14 08:00:00,2005-08-15 08:00:00,71.46,80.0,8.54,66.6,73.0,6.4,5.54,0.0,5.54,6.8267
358,2005-08-14 13:00:00,2005-08-15 13:00:00,81.82,91.0,9.18,69.55,72.0,2.45,7.63,3.0,4.63,5.42
359,2005-08-14 18:00:00,2005-08-15 18:00:00,82.79,82.0,0.79,70.2,70.0,0.2,7.99,6.0,1.99,0.9933
360,2005-08-15 00:00:00,2005-08-16 00:00:00,74.57,75.0,0.43,69.79,72.0,2.21,3.42,5.0,1.58,1.4067
361,2005-08-15 05:00:00,2005-08-16 05:00:00,71.78,71.0,0.78,69.25,70.0,0.75,3.33,0.0,3.33,1.62
362,2005-08-15 10:00:00,2005-08-16 10:00:00,82.1,85.0,2.9,70.82,74.0,3.18,5.56,6.0,0.44,2.1733
363,2005-08-15 15:00:00,2005-08-16 15:00:00,82.4,91.0,8.6,71.16,69.0,2.16,6.68,7.0,0.32,3.6933
364,2005-08-15 20:00:00,2005-08-16 20:00:00,76.23,82.0,5.77,70.33,73.0,2.67,5.1,3.0,2.1,3.5133
365,2005-08-16 02:00:00,2005-08-17 02:00:00,72.1,75.0,2.9,69.65,70.0,0.35,3.08,0.0,3.08,2.11
366,2005-08-16 07:00:00,2005-08-17 07:00:00,72.23,77.0,4.77,69.2,72.0,2.8,4.1,6.0,1.9,3.1567
367,2005-08-16 12:00:00,2005-08-17 12:00:00,83.46,88.0,4.54,70.09,71.0,0.91,6.41,5.0,1.41,2.2867
368,2005-08-16 17:00:00,2005-08-17 17:00:00,81.81,89.0,7.19,69.52,71.0,1.48,7.05,5.0,2.05,3.5733
369,2005-08-16 22:00:00,2005-08-17 22:00:00,76.4,75.0,1.4,71.04,71.0,0.04,5.48,14.0,8.52,3.32
370,2005-08-17 04:00:00,2005-08-18 04:00:00,72.28,73.0,0.72,70.0,72.0,2.0,3.28,0.0,3.28,2.0
371,2005-08-17 09:00:00,2005-08-18 09:00:00,76.1,77.0,0.9,70.91,73.0,2.09,4.64,5.0,0.36,1.1167
372,2005-08-17 14:00:00,2005-08-18 14:00:00,84.17,82.0,2.17,71.45,76.0,4.55,7.19,8.0,0.81,2.51
373,2005-08-17 19:00:00,2005-08-18 19:00:00,79.62,73.0,6.62,70.09,72.0,1.91,6.47,0.0,6.47,5.0
374,2005-08-18 00:00:00,2005-08-19 00:00:00,74.8,72.0,2.8,70.07,72.0,1.93,5.05,6.0,0.95,1.8933
375,2005-08-18 06:00:00,2005-08-19 06:00:00,71.44,72.0,0.56,69.09,72.0,2.91,2.72,3.0,0.28,1.25
376,2005-08-18 11:00:00,2005-08-19 11:00:00,80.89,85.0,4.11,70.84,77.0,6.16,7.09,9.0,1.91,4.06
377,2005-08-18 16:00:00,2005-08-19 16:00:00,84.43,91.0,6.57,70.48,74.0,3.52,7.18,9.0,1.82,3.97
378,2005-08-18 21:00:00,2005-08-19 21:00:00,76.24,82.0,5.76,70.11,76.0,5.89,4.77,6.0,1.23,4.2933
379,2005-08-19 02:00:00,2005-08-20 02:00:00,71.74,75.0,3.26,69.3,73.0,3.7,3.88,3.0,0.88,2.6133
380,2005-08-19 08:00:00,2005-08-20 08:00:00,74.88,82.0,7.12,69.2,76.0,6.8,6.27,11.0,4.73,6.2167
381,2005-08-19 13:00:00,2005-08-20 13:00:00,83.63,91.0,7.37,71.69,75.0,3.31,7.87,6.0,1.87,4.1833
382,2005-08-19 18:00:00,2005-08-20 18:00:00,82.37,89.0,6.63,70.58,75.0,4.42,7.59,6.0,1.59,4.2133
383,2005-08-19 23:00:00,2005-08-20 23:00:00,74.26,81.0,6.74,70.44,75.0,4.56,4.81,3.0,1.81,4.37
384,2005-08-20 04:00:00,2005-08-21 04:00:00,72.18,78.0,5.82,69.96,75.0,5.04,2.9,0.0,2.9,4.5867
385,2005-08-20 10:00:00,2005-08-21 10:00:00,81.23,88.0,6.77,71.55,75.0,3.45,6.64,0.0,6.64,5.62
386,2005-08-20 15:00:00,2005-08-21 15:00:00,80.65,84.0,3.35,70.74,74.0,3.26,8.29,10.0,1.71,2.7733
387,2005-08-20 20:00:00,2005-08-21 20:00:00,78.79,83.0,4.21,70.13,72.0,1.87,6.95,0.0,6.95,4.3433
388,2005-08-21 01:00:00,2005-08-22 01:00:00,74.23,75.0,0.77,70.04,73.0,2.96,4.98,0.0,4.98,2.9033
389,2005-08-21 07:00:00,2005-08-22 07:00:00,74.99,76.0,1.01,70.64,72.0,1.36,6.21,7.0,0.79,1.0533
390,2005-08-21 12:00:00,2005-08-22 12:00:00,82.78,84.0,1.22,69.23,71.0,1.77,8.05,6.0,2.05,1.68
391,2005-08-21 17:00:00,2005-08-22 17:00:00,80.37,85.0,4.63,70.25,57.0,13.25,8.48,7.0,1.48,6.4533
392,2005-08-21 22:00:00,2005-08-22 22:00:00,75.21,78.0,2.79,70.05,65.0,5.05,4.16,5.0,0.84,2.8933
393,2005-08-22 03:00:00,2005-08-23 03:00:00,73.53,74.0,0.47,70.23,68.0,2.23,3.66,0.0,3.66,2.12
394,2005-08-22 09:00:00,2005-08-23 09:00:00,75.85,76.0,0.15,70.4,71.0,0.6,5.22,5.0,0.22,0.3233
395,2005-08-22 14:00:00,2005-08-23 14:00:00,82.12,83.0,0.88,70.75,72.0,1.25,8.16,7.0,1.16,1.0967
396,2005-08-22 19:00:00,2005-08-23 19:00:00,78.41,77.0,1.41,66.55,69.0,2.45,8.38,5.0,3.38,2.4133
397,2005-08-23 00:00:00,2005-08-24 00:00:00,74.22,70.0,4.22,64.28,69.0,4.72,5.96,0.0,5.96,4.9667
398,2005-08-23 05:00:00,2005-08-24 05:00:00,69.9,67.0,2.9,65.88,67.0,1.12,5.57,3.0,2.57,2.1967
399,2005-08-23 11:00:00,2005-08-24 11:00:00,76.35,85.0,8.65,65.42,70.0,4.58,8.05,5.0,3.05,5.4267
400,2005-08-23 16:00:00,2005-08-24 16:00:00,81.87,89.0,7.13,69.5,66.0,3.5,7.67,8.0,0.33,3.6533
401,2005-08-23 21:00:00,2005-08-24 21:00:00,77.23,77.0,0.23,69.39,68.0,1.39,5.61,5.0,0.61,0.7433
402,2005-08-24 02:00:00,2005-08-25 02:00:00,72.45,72.0,0.45,67.83,70.0,2.17,5.49,3.0,2.49,1.7033
403,2005-08-24 07:00:00,2005-08-25 07:00:00,72.11,73.0,0.89,67.51,69.0,1.49,5.27,5.0,0.27,0.8833
404,2005-08-24 13:00:00,2005-08-25 13:00:00,82.68,85.0,2.32,70.59,70.0,0.59,7.51,11.0,3.49,2.1333
405,2005-08-24 18:00:00,2005-08-25 18:00:00,79.43,80.0,0.57,68.08,70.0,1.92,9.33,7.0,2.33,1.6067
406,2005-08-24 23:00:00,2005-08-25 23:00:00,74.49,74.0,0.49,67.01,68.0,0.99,6.68,5.0,1.68,1.0533
407,2005-08-25 04:00:00,2005-08-26 04:00:00,70.68,69.0,1.68,67.33,67.0,0.33,4.74,0.0,4.74,2.25
408,2005-08-25 09:00:00,2005-08-26 09:00:00,74.33,77.0,2.67,68.46,67.0,1.46,6.19,8.0,1.81,1.98
409,2005-08-25 15:00:00,2005-08-26 15:00:00,84.42,84.0,0.42,70.45,69.0,1.45,7.33,7.0,0.33,0.7333
410,2005-08-25 20:00:00,2005-08-26 20:00:00,77.88,77.0,0.88,70.49,70.0,0.49,6.1,3.0,3.1,1.49
411,2005-08-26 01:00:00,2005-08-27 01:00:00,72.26,73.0,0.74,68.78,69.0,0.22,4.09,6.0,1.91,0.9567
412,2005-08-26 06:00:00,2005-08-27 06:00:00,70.76,71.0,0.24,68.2,68.0,0.2,3.06,0.0,3.06,1.1667
413,2005-08-26 11:00:00,2005-08-27 11:00:00,78.58,78.0,0.58,68.54,68.0,0.54,6.0,8.0,2.0,1.04
414,2005-08-26 17:00:00,2005-08-27 17:00:00,79.79,82.0,2.21,64.06,68.0,3.94,7.29,3.0,4.29,3.48
415,2005-08-26 22:00:00,2005-08-27 22:00:00,74.36,75.0,0.64,69.12,70.0,0.88,5.22,3.0,2.22,1.2467
416,2005-08-27 03:00:00,2005-08-28 03:00:00,71.36,71.0,0.36,68.55,71.0,2.45,4.16,7.0,2.84,1.8833
417,2005-08-27 08:00:00,2005-08-28 08:00:00,72.61,74.0,1.39,68.68,71.0,2.32,4.69,5.0,0.31,1.34
418,2005-08-27 13:00:00,2005-08-28 13:00:00,79.42,86.0,6.58,68.95,67.0,1.95,6.99,5.0,1.99,3.5067
419,2005-08-27 19:00:00,2005-08-28 19:00:00,78.96,78.0,0.96,69.7,71.0,1.3,5.54,8.0,2.46,1.5733
420,2005-08-28 00:00:00,2005-08-29 00:00:00,73.07,72.0,1.07,68.94,69.0,0.06,3.64,5.0,1.36,0.83
421,2005-08-28 05:00:00,2005-08-29 05:00:00,71.01,69.0,2.01,68.97,69.0,0.03,2.17,3.0,0.83,0.9567
422,2005-08-28 10:00:00,2005-08-29 10:00:00,79.17,79.0,0.17,71.09,72.0,0.91,6.35,8.0,1.65,0.91
423,2005-08-28 16:00:00,2005-08-29 16:00:00,84.99,83.0,1.99,69.64,72.0,2.36,7.4,9.0,1.6,1.9833
424,2005-08-28 21:00:00,2005-08-29 21:00:00,75.71,75.0,0.71,70.21,74.0,3.79,5.93,9.0,3.07,2.5233
425,2005-08-29 02:00:00,2005-08-30 02:00:00,71.59,73.0,1.41,68.88,72.0,3.12,3.01,10.0,6.99,3.84
426,2005-08-29 07:00:00,2005-08-30 07:00:00,70.34,79.0,8.66,67.57,71.0,3.43,2.37,6.0,3.63,5.24
427,2005-08-29 12:00:00,2005-08-30 12:00:00,80.43,85.0,4.57,70.71,67.0,3.71,7.11,24.0,16.89,8.39
428,2005-08-29 18:00:00,2005-08-30 18:00:00,81.39,76.0,5.39,70.62,69.0,1.62,7.13,28.0,20.87,9.2933
429,2005-08-29 23:00:00,2005-08-30 23:00:00,74.23,74.0,0.23,70.8,67.0,3.8,3.53,20.0,16.47,6.8333
430,2005-08-30 04:00:00,2005-08-31 04:00:00,72.08,72.0,0.08,69.86,66.0,3.86,3.87,15.0,11.13,5.0233
431,2005-08-30 09:00:00,2005-08-31 09:00:00,79.15,75.0,4.15,70.45,64.0,6.45,5.97,10.0,4.03,4.8767
432,2005-08-30 14:00:00,2005-08-31 14:00:00,78.9,84.0,5.1,66.6,62.0,4.6,10.12,7.0,3.12,4.2733
433,2005-08-30 20:00:00,2005-08-31 20:00:00,73.25,76.0,2.75,66.67,61.0,5.67,8.06,3.0,5.06,4.4933
434,2005-08-31 01:00:00,2005-09-01 01:00:00,69.07,66.0,3.07,61.88,63.0,1.12,5.76,0.0,5.76,3.3167
435,2005-08-31 06:00:00,2005-09-01 06:00:00,68.38,63.0,5.38,62.71,62.0,0.71,5.96,0.0,5.96,4.0167
436,2005-08-31 11:00:00,2005-09-01 11:00:00,74.11,81.0,6.89,62.64,64.0,1.36,9.22,5.0,4.22,4.1567
437,2005-08-31 16:00:00,2005-09-01 16:00:00,79.72,84.0,4.28,65.43,60.0,5.43,9.99,6.0,3.99,4.5667
438,2005-08-31 22:00:00,2005-09-01 22:00:00,71.26,70.0,1.26,63.97,63.0,0.97,5.6,0.0,5.6,2.61
439,2005-09-01 03:00:00,2005-09-02 03:00:00,68.03,66.0,2.03,64.33,63.0,1.33,3.97,0.0,3.97,2.4433
440,2005-09-01 08:00:00,2005-09-02 08:00:00,67.21,73.0,5.79,60.45,65.0,4.55,6.44,0.0,6.44,5.5933
441,2005-09-01 13:00:00,2005-09-02 13:00:00,79.98,85.0,5.02,66.58,65.0,1.58,9.06,5.0,4.06,3.5533
442,2005-09-01 18:00:00,2005-09-02 18:00:00,79.41,82.0,2.59,65.83,60.0,5.83,8.22,7.0,1.22,3.2133
443,2005-09-02 00:00:00,2005-09-03 00:00:00,71.61,68.0,3.61,65.05,58.0,7.05,5.5,7.0,1.5,4.0533
444,2005-09-02 05:00:00,2005-09-03 05:00:00,68.2,59.0,9.2,65.15,58.0,7.15,2.94,3.0,0.06,5.47
445,2005-09-02 10:00:00,2005-09-03 10:00:00,77.17,82.0,4.83,65.95,55.0,10.95,6.8,7.0,0.2,5.3267
446,2005-09-02 15:00:00,2005-09-03 15:00:00,82.38,87.0,4.62,67.24,54.0,13.24,9.42,9.0,0.42,6.0933
447,2005-09-02 20:00:00,2005-09-03 20:00:00,77.42,75.0,2.42,64.41,54.0,10.41,7.96,8.0,0.04,4.29
448,2005-09-03 02:00:00,2005-09-04 02:00:00,69.18,64.0,5.18,64.11,55.0,9.11,4.84,8.0,3.16,5.8167
449,2005-09-03 07:00:00,2005-09-04 07:00:00,64.81,66.0,1.19,61.3,57.0,4.3,3.93,9.0,5.07,3.52
450,2005-09-03 12:00:00,2005-09-04 12:00:00,81.12,84.0,2.88,61.81,56.0,5.81,7.02,3.0,4.02,4.2367
451,2005-09-03 17:00:00,2005-09-04 17:00:00,81.16,84.0,2.84,60.26,52.0,8.26,7.22,10.0,2.78,4.6267
452,2005-09-03 22:00:00,2005-09-04 22:00:00,69.56,72.0,2.44,62.21,57.0,5.21,5.08,8.0,2.92,3.5233
453,2005-09-04 04:00:00,2005-09-05 04:00:00,62.52,62.0,0.52,57.53,59.0,1.47,4.19,0.0,4.19,2.06
454,2005-09-04 09:00:00,2005-09-05 09:00:00,70.58,75.0,4.42,61.34,61.0,0.34,4.69,5.0,0.31,1.69
455,2005-09-04 14:00:00,2005-09-05 14:00:00,81.6,85.0,3.4,61.49,58.0,3.49,6.92,6.0,0.92,2.6033
456,2005-09-04 19:00:00,2005-09-05 19:00:00,77.78,75.0,2.78,59.34,56.0,3.34,6.71,5.0,1.71,2.61
457,2005-09-05 01:00:00,2005-09-06 01:00:00,66.87,65.0,1.87,61.62,59.0,2.62,3.77,5.0,1.23,1.9067
458,2005-09-05 06:00:00,2005-09-06 06:00:00,65.79,61.0,4.79,62.34,56.0,6.34,3.49,6.0,2.51,4.5467
459,2005-09-05 11:00:00,2005-09-06 11:00:00,76.88,80.0,3.12,63.15,57.0,6.15,6.84,6.0,0.84,3.37
460,2005-09-05 16:00:00,2005-09-06 16:00:00,81.97,83.0,1.03,60.7,51.0,9.7,7.66,15.0,7.34,6.0233
461,2005-09-05 21:00:00,2005-09-06 21:00:00,71.28,66.0,5.28,61.24,57.0,4.24,4.85,3.0,1.85,3.79
462,2005-09-06 03:00:00,2005-09-07 03:00:00,65.61,61.0,4.61,61.67,57.0,4.67,3.62,0.0,3.62,4.3
463,2005-09-06 08:00:00,2005-09-07 08:00:00,66.69,69.0,2.31,62.03,60.0,2.03,3.94,7.0,3.06,2.4667
464,2005-09-06 13:00:00,2005-09-07 13:00:00,79.66,85.0,5.34,60.69,54.0,6.69,6.55,11.0,4.45,5.4933
465,2005-09-06 18:00:00,2005-09-07 18:00:00,76.11,80.0,3.89,58.08,51.0,7.08,6.8,3.0,3.8,4.9233
466,2005-09-06 23:00:00,2005-09-07 23:00:00,65.37,64.0,1.37,59.82,58.0,1.82,3.86,5.0,1.14,1.4433
467,2005-09-07 05:00:00,2005-09-08 05:00:00,61.62,60.0,1.62,58.52,58.0,0.52,3.15,0.0,3.15,1.7633
468,2005-09-07 10:00:00,2005-09-08 10:00:00,74.11,78.0,3.89,62.62,62.0,0.62,4.92,5.0,0.08,1.53
469,2005-09-07 15:00:00,2005-09-08 15:00:00,80.4,86.0,5.6,59.9,55.0,4.9,7.63,3.0,4.63,5.0433
470,2005-09-07 20:00:00,2005-09-08 20:00:00,74.3,74.0,0.3,57.99,59.0,1.01,5.68,0.0,5.68,2.33
471,2005-09-08 01:00:00,2005-09-09 01:00:00,67.69,63.0,4.69,62.71,60.0,2.71,3.51,0.0,3.51,3.6367
472,2005-09-08 07:00:00,2005-09-09 07:00:00,64.36,66.0,1.64,61.22,61.0,0.22,3.84,0.0,3.84,1.9
473,2005-09-08 12:00:00,2005-09-09 12:00:00,81.02,84.0,2.98,63.16,56.0,7.16,6.74,7.0,0.26,3.4667
474,2005-09-08 17:00:00,2005-09-09 17:00:00,81.27,85.0,3.73,60.53,54.0,6.53,7.76,6.0,1.76,4.0067
475,2005-09-08 22:00:00,2005-09-09 22:00:00,70.12,72.0,1.88,62.51,59.0,3.51,3.03,0.0,3.03,2.8067
476,2005-09-09 03:00:00,2005-09-10 03:00:00,66.13,64.0,2.13,61.7,58.0,3.7,3.91,0.0,3.91,3.2467
477,2005-09-09 09:00:00,2005-09-10 09:00:00,72.55,75.0,2.45,62.73,61.0,1.73,4.38,3.0,1.38,1.8533
478,2005-09-09 14:00:00,2005-09-10 14:00:00,82.26,90.0,7.74,61.56,56.0,5.56,6.92,7.0,0.08,4.46
479,2005-09-09 19:00:00,2005-09-10 19:00:00,76.37,78.0,1.63,59.6,58.0,1.6,6.38,5.0,1.38,1.5367
480,2005-09-10 00:00:00,2005-09-11 00:00:00,66.9,69.0,2.1,61.64,61.0,0.64,3.04,0.0,3.04,1.9267
481,2005-09-10 05:00:00,2005-09-11 05:00:00,62.0,63.0,1.0,58.72,60.0,1.28,2.92,0.0,2.92,1.7333
482,2005-09-10 11:00:00,2005-09-11 11:00:00,78.89,82.0,3.11,62.96,63.0,0.04,7.35,5.0,2.35,1.8333
483,2005-09-10 16:00:00,2005-09-11 16:00:00,81.48,88.0,6.52,62.1,54.0,8.1,7.99,3.0,4.99,6.5367
484,2005-09-10 21:00:00,2005-09-11 21:00:00,74.08,73.0,1.08,61.5,59.0,2.5,5.81,3.0,2.81,2.13
485,2005-09-11 02:00:00,2005-09-12 02:00:00,66.48,63.0,3.48,62.3,60.0,2.3,3.21,6.0,2.79,2.8567
486,2005-09-11 08:00:00,2005-09-12 08:00:00,67.61,71.0,3.39,62.74,62.0,0.74,3.82,0.0,3.82,2.65
487,2005-09-11 13:00:00,2005-09-12 13:00:00,81.92,86.0,4.08,64.11,60.0,4.11,8.86,5.0,3.86,4.0167
488,2005-09-11 18:00:00,2005-09-12 18:00:00,82.36,83.0,0.64,62.03,58.0,4.03,6.93,3.0,3.93,2.8667
489,2005-09-11 23:00:00,2005-09-12 23:00:00,69.24,70.0,0.76,63.22,63.0,0.22,2.89,0.0,2.89,1.29
490,2005-09-12 04:00:00,2005-09-13 04:00:00,64.31,63.0,1.31,61.1,61.0,0.1,3.09,3.0,0.09,0.5
491,2005-09-12 10:00:00,2005-09-13 10:00:00,74.69,79.0,4.31,65.23,63.0,2.23,4.79,5.0,0.21,2.25
492,2005-09-12 15:00:00,2005-09-13 15:00:00,83.33,88.0,4.67,63.75,56.0,7.75,8.44,8.0,0.44,4.2867
493,2005-09-12 20:00:00,2005-09-13 20:00:00,76.79,74.0,2.79,62.36,59.0,3.36,5.93,3.0,2.93,3.0267
494,2005-09-13 01:00:00,2005-09-14 01:00:00,66.36,65.0,1.36,62.23,60.0,2.23,4.57,3.0,1.57,1.72
495,2005-09-13 06:00:00,2005-09-14 06:00:00,64.29,63.0,1.29,61.38,61.0,0.38,3.13,0.0,3.13,1.6
496,2005-09-13 12:00:00,2005-09-14 12:00:00,79.83,86.0,6.17,64.31,60.0,4.31,8.65,6.0,2.65,4.3767
497,2005-09-13 17:00:00,2005-09-14 17:00:00,82.61,86.0,3.39,62.55,62.0,0.55,7.24,5.0,2.24,2.06
498,2005-09-13 22:00:00,2005-09-14 22:00:00,70.01,76.0,5.99,63.05,66.0,2.95,5.62,0.0,5.62,4.8533
499,2005-09-14 03:00:00,2005-09-15 03:00:00,66.4,68.0,1.6,62.39,66.0,3.61,3.39,0.0,3.39,2.8667
500,2005-09-14 08:00:00,2005-09-15 08:00:00,66.95,76.0,9.05,62.49,68.0,5.51,3.27,0.0,3.27,5.9433
501,2005-09-14 14:00:00,2005-09-15 14:00:00,83.31,92.0,8.69,65.05,60.0,5.05,8.34,8.0,0.34,4.6933
502,2005-09-14 19:00:00,2005-09-15 19:00:00,77.44,80.0,2.56,66.66,68.0,1.34,8.43,14.0,5.57,3.1567
503,2005-09-15 00:00:00,2005-09-16 00:00:00,71.41,70.0,1.41,66.93,68.0,1.07,6.58,7.0,0.42,0.9667
504,2005-09-15 05:00:00,2005-09-16 05:00:00,69.45,70.0,0.55,66.21,69.0,2.79,5.33,6.0,0.67,1.3367
505,2005-09-15 10:00:00,2005-09-16 10:00:00,77.35,70.0,7.35,68.4,69.0,0.6,7.66,5.0,2.66,3.5367
506,2005-09-15 16:00:00,2005-09-16 16:00:00,83.49,82.0,1.49,65.52,67.0,1.48,8.72,13.0,4.28,2.4167
507,2005-09-15 21:00:00,2005-09-16 21:00:00,72.76,72.0,0.76,65.3,69.0,3.7,7.83,6.0,1.83,2.0967
508,2005-09-16 02:00:00,2005-09-17 02:00:00,69.17,70.0,0.83,65.39,68.0,2.61,5.47,3.0,2.47,1.97
509,2005-09-16 07:00:00,2005-09-17 07:00:00,69.66,70.0,0.34,66.33,70.0,3.67,5.65,6.0,0.35,1.4533
510,2005-09-16 12:00:00,2005-09-17 12:00:00,75.75,82.0,6.25,63.68,64.0,0.32,8.01,9.0,0.99,2.52
511,2005-09-16 18:00:00,2005-09-17 18:00:00,78.13,78.0,0.13,64.17,58.0,6.17,10.05,6.0,4.05,3.45
512,2005-09-16 23:00:00,2005-09-17 23:00:00,71.47,68.0,3.47,66.3,62.0,4.3,6.35,0.0,6.35,4.7067
513,2005-09-17 04:00:00,2005-09-18 04:00:00,69.12,63.0,6.12,66.35,62.0,4.35,5.28,0.0,5.28,5.25
514,2005-09-17 09:00:00,2005-09-18 09:00:00,71.43,72.0,0.57,66.7,63.0,3.7,6.28,0.0,6.28,3.5167
515,2005-09-17 14:00:00,2005-09-18 14:00:00,79.06,83.0,3.94,63.42,56.0,7.42,9.23,3.0,6.23,5.8633
516,2005-09-17 20:00:00,2005-09-18 20:00:00,73.87,69.0,4.87,63.74,60.0,3.74,7.84,0.0,7.84,5.4833
517,2005-09-18 01:00:00,2005-09-19 01:00:00,69.13,64.0,5.13,63.53,60.0,3.53,5.5,0.0,5.5,4.72
518,2005-09-18 06:00:00,2005-09-19 06:00:00,65.63,60.0,5.63,61.84,58.0,3.84,3.54,3.0,0.54,3.3367
519,2005-09-18 11:00:00,2005-09-19 11:00:00,76.32,82.0,5.68,63.64,63.0,0.64,5.82,3.0,2.82,3.0467
520,2005-09-18 17:00:00,2005-09-19 17:00:00,81.92,86.0,4.08,62.08,56.0,6.08,7.4,5.0,2.4,4.1867
521,2005-09-18 22:00:00,2005-09-19 22:00:00,72.86,72.0,0.86,64.7,62.0,2.7,3.82,0.0,3.82,2.46
522,2005-09-19 03:00:00,2005-09-20 03:00:00,67.44,63.0,4.44,64.1,62.0,2.1,2.43,3.0,0.57,2.37
523,2005-09-19 08:00:00,2005-09-20 08:00:00,69.71,71.0,1.29,64.63,65.0,0.37,3.54,0.0,3.54,1.7333
524,2005-09-19 13:00:00,2005-09-20 13:00:00,81.48,87.0,5.52,66.14,62.0,4.14,9.07,8.0,1.07,3.5767
525,2005-09-19 19:00:00,2005-09-20 19:00:00,81.12,80.0,1.12,62.11,64.0,1.89,6.19,0.0,6.19,3.0667
526,2005-09-20 00:00:00,2005-09-21 00:00:00,69.92,68.0,1.92,64.41,66.0,1.59,3.78,3.0,0.78,1.43
527,2005-09-20 05:00:00,2005-09-21 05:00:00,66.48,66.0,0.48,64.03,64.0,0.03,2.13,0.0,2.13,0.88
528,2005-09-20 10:00:00,2005-09-21 10:00:00,74.59,81.0,6.41,64.81,66.0,1.19,5.94,5.0,0.94,2.8467
529,2005-09-20 15:00:00,2005-09-21 15:00:00,82.81,89.0,6.19,65.23,62.0,3.23,10.5,8.0,2.5,3.9733
530,2005-09-20 21:00:00,2005-09-21 21:00:00,73.03,77.0,3.97,66.15,65.0,1.15,6.35,6.0,0.35,1.8233
531,2005-09-21 02:00:00,2005-09-22 02:00:00,69.25,68.0,1.25,65.61,65.0,0.61,4.64,0.0,4.64,2.1667
532,2005-09-21 07:00:00,2005-09-22 07:00:00,67.29,71.0,3.71,63.51,67.0,3.49,3.96,0.0,3.96,3.72
533,2005-09-21 12:00:00,2005-09-22 12:00:00,80.26,85.0,4.74,65.73,67.0,1.27,9.78,0.0,9.78,5.2633
534,2005-09-21 17:00:00,2005-09-22 17:00:00,81.2,85.0,3.8,65.29,65.0,0.29,8.85,5.0,3.85,2.6467
535,2005-09-21 23:00:00,2005-09-22 23:00:00,73.35,73.0,0.35,66.65,66.0,0.65,6.24,3.0,3.24,1.4133
536,2005-09-22 04:00:00,2005-09-23 04:00:00,66.61,65.0,1.61,63.21,65.0,1.79,4.42,0.0,4.42,2.6067
537,2005-09-22 09:00:00,2005-09-23 09:00:00,75.21,79.0,3.79,68.51,67.0,1.51,6.25,5.0,1.25,2.1833
538,2005-09-22 14:00:00,2005-09-23 14:00:00,82.39,88.0,5.61,66.7,63.0,3.7,12.08,0.0,12.08,7.13
539,2005-09-22 19:00:00,2005-09-23 19:00:00,77.84,81.0,3.16,67.5,65.0,2.5,8.6,0.0,8.6,4.7533
540,2005-09-23 01:00:00,2005-09-24 01:00:00,71.02,68.0,3.02,65.87,65.0,0.87,6.06,0.0,6.06,3.3167
541,2005-09-23 06:00:00,2005-09-24 06:00:00,67.16,65.0,2.16,63.99,64.0,0.01,3.57,0.0,3.57,1.9133
542,2005-09-23 11:00:00,2005-09-24 11:00:00,80.62,86.0,5.38,66.96,63.0,3.96,8.56,5.0,3.56,4.3
543,2005-09-23 16:00:00,2005-09-24 16:00:00,81.76,87.0,5.24,66.14,62.0,4.14,9.14,8.0,1.14,3.5067
544,2005-09-23 21:00:00,2005-09-24 21:00:00,75.79,76.0,0.21,67.13,63.0,4.13,6.56,3.0,3.56,2.6333
545,2005-09-24 03:00:00,2005-09-25 03:00:00,67.86,68.0,0.14,64.33,66.0,1.67,3.98,5.0,1.02,0.9433
546,2005-09-24 08:00:00,2005-09-25 08:00:00,70.13,77.0,6.87,65.45,67.0,1.55,4.6,7.0,2.4,3.6067
547,2005-09-24 13:00:00,2005-09-25 13:00:00,82.35,86.0,3.65,66.62,59.0,7.62,11.07,14.0,2.93,4.7333
548,2005-09-24 18:00:00,2005-09-25 18:00:00,81.58,79.0,2.58,66.36,60.0,6.36,8.85,8.0,0.85,3.2633
549,2005-09-25 00:00:00,2005-09-26 00:00:00,72.53,81.0,8.47,66.54,62.0,4.54,5.34,20.0,14.66,9.2233
550,2005-09-25 05:00:00,2005-09-26 05:00:00,69.39,70.0,0.61,65.37,68.0,2.63,4.59,13.0,8.41,3.8833
551,2005-09-25 10:00:00,2005-09-26 10:00:00,77.05,72.0,5.05,63.94,68.0,4.06,8.93,9.0,0.07,3.06
552,2005-09-25 15:00:00,2005-09-26 15:00:00,82.04,75.0,7.04,63.78,69.0,5.22,11.1,16.0,4.9,5.72
553,2005-09-25 20:00:00,2005-09-26 20:00:00,76.26,72.0,4.26,63.39,71.0,7.61,8.6,0.0,8.6,6.8233
554,2005-09-26 02:00:00,2005-09-27 02:00:00,69.89,67.0,2.89,62.98,66.0,3.02,7.99,3.0,4.99,3.6333
555,2005-09-26 07:00:00,2005-09-27 07:00:00,68.11,66.0,2.11,64.45,65.0,0.55,4.9,3.0,1.9,1.52
556,2005-09-26 12:00:00,2005-09-27 12:00:00,75.0,78.0,3.0,63.2,61.0,2.2,8.56,10.0,1.44,2.2133
557,2005-09-26 17:00:00,2005-09-27 17:00:00,74.65,79.0,4.35,63.97,59.0,4.97,8.08,7.0,1.08,3.4667
558,2005-09-26 22:00:00,2005-09-27 22:00:00,73.83,66.0,7.83,66.89,62.0,4.89,6.69,0.0,6.69,6.47
559,2005-09-27 04:00:00,2005-09-28 04:00:00,65.38,61.0,4.38,60.08,60.0,0.08,6.55,0.0,6.55,3.67
560,2005-09-27 09:00:00,2005-09-28 09:00:00,70.55,73.0,2.45,64.36,64.0,0.36,6.01,5.0,1.01,1.2733
561,2005-09-27 14:00:00,2005-09-28 14:00:00,78.17,85.0,6.83,62.67,65.0,2.33,9.46,13.0,3.54,4.2333
562,2005-09-27 19:00:00,2005-09-28 19:00:00,73.61,73.0,0.61,62.92,65.0,2.08,6.88,6.0,0.88,1.19
563,2005-09-28 00:00:00,2005-09-29 00:00:00,67.34,72.0,4.66,61.51,65.0,3.49,4.45,8.0,3.55,3.9
564,2005-09-28 06:00:00,2005-09-29 06:00:00,62.86,71.0,8.14,58.7,68.0,9.3,4.4,9.0,4.6,7.3467
565,2005-09-28 11:00:00,2005-09-29 11:00:00,78.86,65.0,13.86,64.42,56.0,8.42,6.25,10.0,3.75,8.6767
566,2005-09-28 16:00:00,2005-09-29 16:00:00,78.16,72.0,6.16,66.0,51.0,15.0,8.93,9.0,0.07,7.0767
567,2005-09-28 21:00:00,2005-09-29 21:00:00,72.94,60.0,12.94,65.67,49.0,16.67,4.65,7.0,2.35,10.6533
568,2005-09-29 02:00:00,2005-09-30 02:00:00,69.92,54.0,15.92,66.28,49.0,17.28,4.31,7.0,2.69,11.9633
569,2005-09-29 08:00:00,2005-09-30 08:00:00,67.41,59.0,8.41,63.77,50.0,13.77,2.55,10.0,7.45,9.8767
570,2005-09-29 13:00:00,2005-09-30 13:00:00,67.07,75.0,7.93,59.34,56.0,3.34,6.17,0.0,6.17,5.8133
571,2005-09-29 18:00:00,2005-09-30 18:00:00,67.12,74.0,6.88,51.37,60.0,8.63,5.79,0.0,5.79,7.1
572,2005-09-29 23:00:00,2005-09-30 23:00:00,54.31,64.0,9.69,47.78,61.0,13.22,4.94,0.0,4.94,9.2833
573,2005-09-30 04:00:00,2005-10-01 04:00:00,56.14,60.0,3.86,52.0,59.0,7.0,3.69,5.0,1.31,4.0567
574,2005-09-30 10:00:00,2005-10-01 10:00:00,64.86,74.0,9.14,52.82,62.0,9.18,6.7,5.0,1.7,6.6733
575,2005-09-30 15:00:00,2005-10-01 15:00:00,76.53,83.0,6.47,59.29,65.0,5.71,7.29,7.0,0.29,4.1567
576,2005-09-30 20:00:00,2005-10-01 20:00:00,70.64,72.0,1.36,60.65,65.0,4.35,6.04,0.0,6.04,3.9167
577,2005-10-01 01:00:00,2005-10-02 01:00:00,65.86,63.0,2.86,62.35,62.0,0.35,4.44,3.0,1.44,1.55
578,2005-10-01 06:00:00,2005-10-02 06:00:00,61.24,59.0,2.24,58.35,59.0,0.65,4.18,3.0,1.18,1.3567
579,2005-10-01 12:00:00,2005-10-02 12:00:00,74.42,82.0,7.58,62.79,61.0,1.79,7.03,5.0,2.03,3.8
580,2005-10-01 17:00:00,2005-10-02 17:00:00,78.1,82.0,3.9,66.83,58.0,8.83,8.83,5.0,3.83,5.52
581,2005-10-01 22:00:00,2005-10-02 22:00:00,68.88,70.0,1.12,63.41,61.0,2.41,5.7,0.0,5.7,3.0767
582,2005-10-02 03:00:00,2005-10-03 03:00:00,64.49,64.0,0.49,61.35,61.0,0.35,2.78,0.0,2.78,1.2067
583,2005-10-02 09:00:00,2005-10-03 09:00:00,64.5,73.0,8.5,59.42,64.0,4.58,5.01,5.0,0.01,4.3633
584,2005-10-02 14:00:00,2005-10-03 14:00:00,76.55,85.0,8.45,61.79,60.0,1.79,5.79,7.0,1.21,3.8167
585,2005-10-02 19:00:00,2005-10-03 19:00:00,71.5,75.0,3.5,60.46,62.0,1.54,5.2,0.0,5.2,3.4133
586,2005-10-03 00:00:00,2005-10-04 00:00:00,62.63,64.0,1.37,58.06,62.0,3.94,4.09,5.0,0.91,2.0733
587,2005-10-03 05:00:00,2005-10-04 05:00:00,60.87,57.0,3.87,59.05,57.0,2.05,3.59,3.0,0.59,2.17
588,2005-10-03 11:00:00,2005-10-04 11:00:00,74.62,79.0,4.38,63.68,57.0,6.68,6.73,6.0,0.73,3.93
589,2005-10-03 16:00:00,2005-10-04 16:00:00,82.16,84.0,1.84,64.49,50.0,14.49,8.06,9.0,0.94,5.7567
590,2005-10-03 21:00:00,2005-10-04 21:00:00,70.87,68.0,2.87,63.5,56.0,7.5,5.69,0.0,5.69,5.3533
591,2005-10-04 02:00:00,2005-10-05 02:00:00,64.6,62.0,2.6,61.98,57.0,4.98,3.65,0.0,3.65,3.7433
592,2005-10-04 07:00:00,2005-10-05 07:00:00,62.98,62.0,0.98,60.02,59.0,1.02,3.63,3.0,0.63,0.8767
593,2005-10-04 13:00:00,2005-10-05 13:00:00,81.2,83.0,1.8,61.58,60.0,1.58,6.17,0.0,6.17,3.1833
594,2005-10-04 18:00:00,2005-10-05 18:00:00,77.63,79.0,1.37,59.14,61.0,1.86,6.17,10.0,3.83,2.3533
595,2005-10-04 23:00:00,2005-10-05 23:00:00,66.61,68.0,1.39,59.97,61.0,1.03,4.19,7.0,2.81,1.7433
596,2005-10-05 04:00:00,2005-10-06 04:00:00,63.04,67.0,3.96,58.51,63.0,4.49,4.1,7.0,2.9,3.7833
597,2005-10-05 09:00:00,2005-10-06 09:00:00,68.38,67.0,1.38,61.33,66.0,4.67,4.7,8.0,3.3,3.1167
598,2005-10-05 15:00:00,2005-10-06 15:00:00,82.36,70.0,12.36,63.52,69.0,5.48,8.12,8.0,0.12,5.9867
599,2005-10-05 20:00:00,2005-10-06 20:00:00,71.73,70.0,1.73,62.77,68.0,5.23,6.11,5.0,1.11,2.69
600,2005-10-06 01:00:00,2005-10-07 01:00:00,67.32,67.0,0.32,62.43,63.0,0.57,3.67,6.0,2.33,1.0733
601,2005-10-06 06:00:00,2005-10-07 06:00:00,65.68,66.0,0.32,62.02,64.0,1.98,3.97,3.0,0.97,1.09
602,2005-10-06 11:00:00,2005-10-07 11:00:00,67.77,68.0,0.23,60.2,67.0,6.8,5.82,0.0,5.82,4.2833
603,2005-10-06 17:00:00,2005-10-07 17:00:00,71.37,65.0,6.37,61.04,64.0,2.96,7.26,11.0,3.74,4.3567
604,2005-10-06 22:00:00,2005-10-07 22:00:00,67.38,58.0,9.38,61.08,57.0,4.08,6.12,5.0,1.12,4.86
605,2005-10-07 03:00:00,2005-10-08 03:00:00,62.58,57.0,5.58,59.02,55.0,4.02,5.77,7.0,1.23,3.61
606,2005-10-07 08:00:00,2005-10-08 08:00:00,65.67,58.0,7.67,60.79,55.0,5.79,5.11,7.0,1.89,5.1167
607,2005-10-07 13:00:00,2005-10-08 13:00:00,69.96,64.0,5.96,61.1,57.0,4.1,6.74,9.0,2.26,4.1067
608,2005-10-07 19:00:00,2005-10-08 19:00:00,62.25,59.0,3.25,52.56,55.0,2.44,7.88,13.0,5.12,3.6033
609,2005-10-08 00:00:00,2005-10-09 00:00:00,56.31,57.0,0.69,51.26,53.0,1.74,5.42,15.0,9.58,4.0033
610,2005-10-08 05:00:00,2005-10-09 05:00:00,51.69,58.0,6.31,46.52,54.0,7.48,6.71,11.0,4.29,6.0267
611,2005-10-08 10:00:00,2005-10-09 10:00:00,57.45,62.0,4.55,46.87,55.0,8.13,8.19,11.0,2.81,5.1633
612,2005-10-08 15:00:00,2005-10-09 15:00:00,66.68,70.0,3.32,54.65,59.0,4.35,6.29,6.0,0.29,2.6533
613,2005-10-08 21:00:00,2005-10-09 21:00:00,54.71,64.0,9.29,43.6,58.0,14.4,8.4,5.0,3.4,9.03
614,2005-10-09 02:00:00,2005-10-10 02:00:00,51.9,62.0,10.1,43.31,58.0,14.69,9.35,0.0,9.35,11.38
615,2005-10-09 07:00:00,2005-10-10 07:00:00,53.01,63.0,9.99,46.71,59.0,12.29,7.93,0.0,7.93,10.07
616,2005-10-09 12:00:00,2005-10-10 12:00:00,63.74,77.0,13.26,56.49,65.0,8.51,4.75,3.0,1.75,7.84
617,2005-10-09 18:00:00,2005-10-10 18:00:00,68.04,73.0,4.96,57.12,64.0,6.88,7.46,8.0,0.54,4.1267
618,2005-10-09 23:00:00,2005-10-10 23:00:00,63.9,65.0,1.1,57.59,62.0,4.41,4.14,6.0,1.86,2.4567
619,2005-10-10 04:00:00,2005-10-11 04:00:00,63.65,59.0,4.65,59.29,58.0,1.29,5.12,3.0,2.12,2.6867
620,2005-10-10 09:00:00,2005-10-11 09:00:00,65.46,67.0,1.54,58.27,63.0,4.73,5.84,6.0,0.16,2.1433
621,2005-10-10 14:00:00,2005-10-11 14:00:00,73.77,72.0,1.77,62.8,64.0,1.2,8.69,10.0,1.31,1.4267
622,2005-10-10 20:00:00,2005-10-11 20:00:00,67.99,65.0,2.99,60.76,62.0,1.24,6.8,6.0,0.8,1.6767
623,2005-10-11 01:00:00,2005-10-12 01:00:00,64.81,63.0,1.81,60.56,62.0,1.44,4.4,6.0,1.6,1.6167
624,2005-10-11 06:00:00,2005-10-12 06:00:00,62.14,63.0,0.86,58.79,62.0,3.21,4.54,6.0,1.46,1.8433
625,2005-10-11 11:00:00,2005-10-12 11:00:00,64.54,72.0,7.46,59.14,64.0,4.86,5.44,0.0,5.44,5.92
626,2005-10-11 16:00:00,2005-10-12 16:00:00,69.87,78.0,8.13,59.9,60.0,0.1,7.79,0.0,7.79,5.34
627,2005-10-11 22:00:00,2005-10-12 22:00:00,62.16,67.0,4.84,56.07,61.0,4.93,4.63,0.0,4.63,4.8
628,2005-10-12 03:00:00,2005-10-13 03:00:00,61.66,61.0,0.66,59.05,60.0,0.95,3.8,0.0,3.8,1.8033
629,2005-10-12 08:00:00,2005-10-13 08:00:00,63.8,61.0,2.8,59.08,61.0,1.92,4.19,0.0,4.19,2.97
630,2005-10-12 13:00:00,2005-10-13 13:00:00,73.55,76.0,2.45,62.64,61.0,1.64,7.58,6.0,1.58,1.89
631,2005-10-12 18:00:00,2005-10-13 18:00:00,73.2,67.0,6.2,60.27,60.0,0.27,7.24,7.0,0.24,2.2367
632,2005-10-13 00:00:00,2005-10-14 00:00:00,63.93,63.0,0.93,60.43,59.0,1.43,4.14,3.0,1.14,1.1667
633,2005-10-13 05:00:00,2005-10-14 05:00:00,62.98,59.0,3.98,60.09,57.0,3.09,4.75,0.0,4.75,3.94
634,2005-10-13 10:00:00,2005-10-14 10:00:00,67.03,69.0,1.97,61.72,57.0,4.72,3.45,6.0,2.55,3.08
635,2005-10-13 15:00:00,2005-10-14 15:00:00,74.25,75.0,0.75,60.07,53.0,7.07,8.45,7.0,1.45,3.09
636,2005-10-13 20:00:00,2005-10-14 20:00:00,66.61,62.0,4.61,57.15,54.0,3.15,5.37,3.0,2.37,3.3767
637,2005-10-14 02:00:00,2005-10-15 02:00:00,62.25,56.0,6.25,59.44,54.0,5.44,2.86,0.0,2.86,4.85
638,2005-10-14 07:00:00,2005-10-15 07:00:00,58.09,55.0,3.09,54.92,54.0,0.92,3.53,0.0,3.53,2.5133
639,2005-10-14 12:00:00,2005-10-15 12:00:00,73.05,74.0,0.95,57.51,54.0,3.51,6.93,9.0,2.07,2.1767
640,2005-10-14 17:00:00,2005-10-15 17:00:00,71.5,74.0,2.5,56.05,47.0,9.05,6.59,9.0,2.41,4.6533
641,2005-10-14 22:00:00,2005-10-15 22:00:00,63.0,64.0,1.0,56.06,42.0,14.06,4.69,6.0,1.31,5.4567
642,2005-10-15 04:00:00,2005-10-16 04:00:00,59.87,50.0,9.87,56.8,45.0,11.8,3.58,6.0,2.42,8.03
643,2005-10-15 09:00:00,2005-10-16 09:00:00,63.16,63.0,0.16,57.22,40.0,17.22,4.74,11.0,6.26,7.88
644,2005-10-15 14:00:00,2005-10-16 14:00:00,75.16,71.0,4.16,55.66,33.0,22.66,6.46,8.0,1.54,9.4533
645,2005-10-15 19:00:00,2005-10-16 19:00:00,69.57,61.0,8.57,53.7,38.0,15.7,5.73,5.0,0.73,8.3333
646,2005-10-16 01:00:00,2005-10-17 01:00:00,61.51,47.0,14.51,46.09,42.0,4.09,4.83,0.0,4.83,7.81
647,2005-10-16 06:00:00,2005-10-17 06:00:00,49.7,42.0,7.7,45.35,40.0,5.35,3.1,3.0,0.1,4.3833
648,2005-10-16 11:00:00,2005-10-17 11:00:00,65.98,65.0,0.98,44.23,44.0,0.23,6.95,5.0,1.95,1.0533
649,2005-10-16 16:00:00,2005-10-17 16:00:00,71.4,70.0,1.4,50.78,41.0,9.78,6.36,6.0,0.36,3.8467
650,2005-10-16 21:00:00,2005-10-17 21:00:00,58.45,56.0,2.45,45.3,46.0,0.7,4.6,5.0,0.4,1.1833
651,2005-10-17 03:00:00,2005-10-18 03:00:00,50.7,49.0,1.7,46.14,46.0,0.14,2.66,0.0,2.66,1.5
652,2005-10-17 08:00:00,2005-10-18 08:00:00,50.43,58.0,7.57,44.57,47.0,2.43,2.91,0.0,2.91,4.3033
653,2005-10-17 13:00:00,2005-10-18 13:00:00,67.84,77.0,9.16,45.91,53.0,7.09,7.1,13.0,5.9,7.3833
654,2005-10-17 18:00:00,2005-10-18 18:00:00,65.14,71.0,5.86,48.23,56.0,7.77,5.59,5.0,0.59,4.74
655,2005-10-17 23:00:00,2005-10-18 23:00:00,55.45,61.0,5.55,47.95,57.0,9.05,3.95,6.0,2.05,5.55
656,2005-10-18 05:00:00,2005-10-19 05:00:00,53.9,59.0,5.1,49.35,56.0,6.65,3.74,0.0,3.74,5.1633
657,2005-10-18 10:00:00,2005-10-19 10:00:00,64.14,76.0,11.86,51.67,61.0,9.33,5.27,9.0,3.73,8.3067
658,2005-10-18 15:00:00,2005-10-19 15:00:00,72.85,82.0,9.15,53.47,61.0,7.53,9.9,11.0,1.1,5.9267
659,2005-10-18 20:00:00,2005-10-19 20:00:00,65.04,71.0,5.96,56.84,62.0,5.16,4.8,0.0,4.8,5.3067
660,2005-10-19 01:00:00,2005-10-20 01:00:00,59.35,65.0,5.65,56.46,60.0,3.54,4.65,5.0,0.35,3.18
661,2005-10-19 07:00:00,2005-10-20 07:00:00,56.44,63.0,6.56,52.09,60.0,7.91,5.56,0.0,5.56,6.6767
662,2005-10-19 12:00:00,2005-10-20 12:00:00,74.62,81.0,6.38,57.01,60.0,2.99,6.51,8.0,1.49,3.62
663,2005-10-19 17:00:00,2005-10-20 17:00:00,74.51,74.0,0.51,59.07,57.0,2.07,6.83,6.0,0.83,1.1367
664,2005-10-19 22:00:00,2005-10-20 22:00:00,66.68,66.0,0.68,59.96,59.0,0.96,4.88,3.0,1.88,1.1733
665,2005-10-20 03:00:00,2005-10-21 03:00:00,63.23,62.0,1.23,59.04,57.0,2.04,3.7,6.0,2.3,1.8567
666,2005-10-20 09:00:00,2005-10-21 09:00:00,65.92,70.0,4.08,60.0,60.0,0.0,4.1,5.0,0.9,1.66
667,2005-10-20 14:00:00,2005-10-21 14:00:00,75.47,82.0,6.53,60.5,57.0,3.5,5.47,24.0,18.53,9.52
668,2005-10-20 19:00:00,2005-10-21 19:00:00,71.01,69.0,2.01,58.52,65.0,6.48,6.16,13.0,6.84,5.11
669,2005-10-21 00:00:00,2005-10-22 00:00:00,62.55,64.0,1.45,59.26,57.0,2.26,3.78,8.0,4.22,2.6433
670,2005-10-21 05:00:00,2005-10-22 05:00:00,60.61,59.0,1.61,57.75,54.0,3.75,3.63,7.0,3.37,2.91
671,2005-10-21 11:00:00,2005-10-22 11:00:00,75.36,56.0,19.36,60.69,49.0,11.69,6.41,10.0,3.59,11.5467
672,2005-10-21 16:00:00,2005-10-22 16:00:00,75.31,60.0,15.31,59.65,41.0,18.65,8.94,5.0,3.94,12.6333
673,2005-10-21 21:00:00,2005-10-22 21:00:00,65.17,50.0,15.17,59.01,45.0,14.01,5.5,0.0,5.5,11.56
674,2005-10-22 02:00:00,2005-10-23 02:00:00,60.25,42.0,18.25,52.09,42.0,10.09,6.25,0.0,6.25,11.53
675,2005-10-22 07:00:00,2005-10-23 07:00:00,57.39,40.0,17.39,53.05,40.0,13.05,5.64,6.0,0.36,10.2667
676,2005-10-22 13:00:00,2005-10-23 13:00:00,57.15,66.0,8.85,40.19,39.0,1.19,9.06,7.0,2.06,4.0333
677,2005-10-22 18:00:00,2005-10-23 18:00:00,56.9,60.0,3.1,43.51,42.0,1.51,5.92,5.0,0.92,1.8433
678,2005-10-22 23:00:00,2005-10-23 23:00:00,47.19,44.0,3.19,40.28,42.0,1.72,3.33,16.0,12.67,5.86
679,2005-10-23 04:00:00,2005-10-24 04:00:00,44.16,41.0,3.16,38.64,41.0,2.36,3.16,6.0,2.84,2.7867
680,2005-10-23 10:00:00,2005-10-24 10:00:00,48.66,46.0,2.66,42.75,34.0,8.75,3.24,7.0,3.76,5.0567
681,2005-10-23 15:00:00,2005-10-24 15:00:00,66.87,46.0,20.87,42.9,37.0,5.9,7.34,9.0,1.66,9.4767
682,2005-10-23 20:00:00,2005-10-24 20:00:00,56.7,43.0,13.7,43.01,39.0,4.01,7.16,5.0,2.16,6.6233
683,2005-10-24 01:00:00,2005-10-25 01:00:00,44.15,43.0,1.15,36.72,41.0,4.28,5.86,6.0,0.14,1.8567
684,2005-10-24 06:00:00,2005-10-25 06:00:00,43.9,46.0,2.1,37.0,40.0,3.0,3.81,9.0,5.19,3.43
685,2005-10-24 12:00:00,2005-10-25 12:00:00,51.22,48.0,3.22,37.98,36.0,1.98,8.58,13.0,4.42,3.2067
686,2005-10-24 17:00:00,2005-10-25 17:00:00,51.01,46.0,5.01,40.89,40.0,0.89,5.29,7.0,1.71,2.5367
687,2005-10-24 22:00:00,2005-10-25 22:00:00,50.53,44.0,6.53,40.83,40.0,0.83,5.91,0.0,5.91,4.4233
688,2005-10-25 03:00:00,2005-10-26 03:00:00,49.11,41.0,8.11,40.69,40.0,0.69,6.32,0.0,6.32,5.04
689,2005-10-25 08:00:00,2005-10-26 08:00:00,47.05,44.0,3.05,36.55,42.0,5.45,6.06,0.0,6.06,4.8533
690,2005-10-25 14:00:00,2005-10-26 14:00:00,47.34,55.0,7.66,35.57,34.0,1.57,6.57,0.0,6.57,5.2667
691,2005-10-25 19:00:00,2005-10-26 19:00:00,49.38,46.0,3.38,37.42,37.0,0.42,7.34,3.0,4.34,2.7133
692,2005-10-26 00:00:00,2005-10-27 00:00:00,46.88,37.0,9.88,38.22,37.0,1.22,6.9,0.0,6.9,6.0
693,2005-10-26 05:00:00,2005-10-27 05:00:00,43.66,35.0,8.66,38.69,34.0,4.69,4.71,0.0,4.71,6.02
694,2005-10-26 10:00:00,2005-10-27 10:00:00,52.27,49.0,3.27,44.5,39.0,5.5,4.75,7.0,2.25,3.6733
695,2005-10-26 16:00:00,2005-10-27 16:00:00,57.62,55.0,2.62,42.7,37.0,5.7,6.61,5.0,1.61,3.31
696,2005-10-26 21:00:00,2005-10-27 21:00:00,48.14,48.0,0.14,40.39,35.0,5.39,5.94,5.0,0.94,2.1567
697,2005-10-27 02:00:00,2005-10-28 02:00:00,46.69,41.0,5.69,41.96,36.0,5.96,4.27,0.0,4.27,5.3067
698,2005-10-27 07:00:00,2005-10-28 07:00:00,40.78,37.0,3.78,35.68,36.0,0.32,4.64,0.0,4.64,2.9133
699,2005-10-27 12:00:00,2005-10-28 12:00:00,55.97,57.0,1.03,43.95,32.0,11.95,5.58,9.0,3.42,5.4667
700,2005-10-27 18:00:00,2005-10-28 18:00:00,51.93,50.0,1.93,36.81,33.0,3.81,6.58,8.0,1.42,2.3867
701,2005-10-27 23:00:00,2005-10-28 23:00:00,49.32,39.0,10.32,41.48,35.0,6.48,4.64,5.0,0.36,5.72
702,2005-10-28 04:00:00,2005-10-29 04:00:00,47.77,34.0,13.77,43.88,33.0,10.88,5.1,0.0,5.1,9.9167
703,2005-10-28 09:00:00,2005-10-29 09:00:00,49.54,48.0,1.54,40.79,38.0,2.79,7.39,11.0,3.61,2.6467
704,2005-10-28 14:00:00,2005-10-29 14:00:00,54.78,59.0,4.22,33.53,29.0,4.53,8.66,3.0,5.66,4.8033
705,2005-10-28 20:00:00,2005-10-29 20:00:00,48.52,45.0,3.52,37.95,33.0,4.95,6.07,5.0,1.07,3.18
706,2005-10-29 01:00:00,2005-10-30 01:00:00,42.92,36.0,6.92,37.32,34.0,3.32,5.65,0.0,5.65,5.2967
707,2005-10-29 06:00:00,2005-10-30 06:00:00,41.22,31.0,10.22,35.38,30.0,5.38,4.27,3.0,1.27,5.6233
708,2005-10-29 11:00:00,2005-10-30 11:00:00,54.15,56.0,1.85,38.87,36.0,2.87,7.65,0.0,7.65,4.1233
709,2005-10-29 16:00:00,2005-10-30 16:00:00,60.02,65.0,4.98,44.3,32.0,12.3,7.84,0.0,7.84,8.3733
710,2005-10-29 22:00:00,2005-10-30 22:00:00,50.26,41.0,9.26,39.29,38.0,1.29,5.85,5.0,0.85,3.8
711,2005-10-30 03:00:00,2005-10-31 03:00:00,46.26,39.0,7.26,41.16,37.0,4.16,4.9,0.0,4.9,5.44
712,2005-10-30 08:00:00,2005-10-31 08:00:00,42.37,45.0,2.63,37.32,41.0,3.68,3.87,0.0,3.87,3.3933
713,2005-10-30 13:00:00,2005-10-31 13:00:00,63.55,68.0,4.45,44.72,40.0,4.72,8.09,8.0,0.09,3.0867
714,2005-10-30 19:00:00,2005-10-31 19:00:00,54.91,57.0,2.09,42.32,42.0,0.32,6.57,0.0,6.57,2.9933
715,2005-10-31 00:00:00,2005-11-01 00:00:00,51.47,50.0,1.47,44.5,41.0,3.5,6.51,7.0,0.49,1.82
716,2005-10-31 05:00:00,2005-11-01 05:00:00,47.09,46.0,1.09,43.82,41.0,2.82,4.8,5.0,0.2,1.37
717,2005-10-31 10:00:00,2005-11-01 10:00:00,57.58,60.0,2.42,47.93,46.0,1.93,6.78,6.0,0.78,1.71
718,2005-10-31 15:00:00,2005-11-01 15:00:00,68.04,67.0,1.04,45.59,52.0,6.41,9.12,9.0,0.12,2.5233
719,2005-10-31 21:00:00,2005-11-01 21:00:00,55.82,57.0,1.18,48.06,55.0,6.94,6.3,5.0,1.3,3.14
720,2005-11-01 02:00:00,2005-11-02 02:00:00,52.23,49.0,3.23,45.35,44.0,1.35,5.6,5.0,0.6,1.7267
721,2005-11-01 07:00:00,2005-11-02 07:00:00,50.43,42.0,8.43,46.84,42.0,4.84,4.13,0.0,4.13,5.8
722,2005-11-01 12:00:00,2005-11-02 12:00:00,64.08,62.0,2.08,47.12,36.0,11.12,9.28,6.0,3.28,5.4933
723,2005-11-01 17:00:00,2005-11-02 17:00:00,59.53,60.0,0.47,46.67,35.0,11.67,9.08,0.0,9.08,7.0733
724,2005-11-01 23:00:00,2005-11-02 23:00:00,52.77,46.0,6.77,46.39,37.0,9.39,5.3,0.0,5.3,7.1533
725,2005-11-02 04:00:00,2005-11-03 04:00:00,51.9,37.0,14.9,46.91,35.0,11.91,5.14,0.0,5.14,10.65
726,2005-11-02 09:00:00,2005-11-03 09:00:00,50.67,50.0,0.67,46.33,39.0,7.33,5.08,0.0,5.08,4.36
727,2005-11-02 14:00:00,2005-11-03 14:00:00,64.29,73.0,8.71,46.51,39.0,7.51,7.58,13.0,5.42,7.2133
728,2005-11-02 19:00:00,2005-11-03 21:00:00,56.89,51.0,5.89,43.94,43.0,0.94,5.73,0.0,5.73,4.1867
729,2005-11-03 01:00:00,2005-11-04 03:00:00,47.36,44.0,3.36,42.49,41.0,1.49,5.37,3.0,2.37,2.4067
730,2005-11-03 06:00:00,2005-11-04 08:00:00,46.85,55.0,8.15,42.07,49.0,6.93,5.64,8.0,2.36,5.8133
731,2005-11-03 11:00:00,2005-11-04 13:00:00,58.6,71.0,12.4,45.06,52.0,6.94,7.06,18.0,10.94,10.0933
732,2005-11-03 16:00:00,2005-11-04 18:00:00,71.53,61.0,10.53,46.33,53.0,6.67,8.74,5.0,3.74,6.98
733,2005-11-03 23:00:00,2005-11-04 23:00:00,55.85,59.0,3.15,45.79,53.0,7.21,4.54,7.0,2.46,4.2733
734,2005-11-04 05:00:00,2005-11-05 05:00:00,51.53,54.0,2.47,45.33,53.0,7.67,4.91,5.0,0.09,3.41
735,2005-11-04 10:00:00,2005-11-05 10:00:00,61.36,68.0,6.64,48.49,56.0,7.51,8.33,3.0,5.33,6.4933
736,2005-11-04 15:00:00,2005-11-05 15:00:00,65.37,74.0,8.63,52.41,56.0,3.59,12.13,10.0,2.13,4.7833
737,2005-11-04 20:00:00,2005-11-05 20:00:00,57.45,63.0,5.55,48.48,55.0,6.52,7.21,3.0,4.21,5.4267
738,2005-11-05 01:00:00,2005-11-06 01:00:00,52.67,65.0,12.33,45.35,56.0,10.65,5.89,10.0,4.11,9.03
739,2005-11-05 07:00:00,2005-11-06 07:00:00,52.56,67.0,14.44,48.92,58.0,9.08,4.88,18.0,13.12,12.2133
740,2005-11-05 12:00:00,2005-11-06 12:00:00,63.04,78.0,14.96,49.38,60.0,10.62,8.54,18.0,9.46,11.68
741,2005-11-05 17:00:00,2005-11-06 17:00:00,68.71,71.0,2.29,52.59,57.0,4.41,6.99,8.0,1.01,2.57
742,2005-11-05 22:00:00,2005-11-06 22:00:00,59.12,61.0,1.88,53.65,47.0,6.65,4.64,0.0,4.64,4.39
743,2005-11-06 04:00:00,2005-11-07 04:00:00,45.97,50.0,4.03,38.21,47.0,8.79,8.09,0.0,8.09,6.97
744,2005-11-06 09:00:00,2005-11-07 09:00:00,50.73,59.0,8.27,40.98,49.0,8.02,8.35,0.0,8.35,8.2133
745,2005-11-06 14:00:00,2005-11-07 14:00:00,68.53,74.0,5.47,52.46,33.0,19.46,8.09,3.0,5.09,10.0067
746,2005-11-06 19:00:00,2005-11-07 19:00:00,64.48,60.0,4.48,54.02,36.0,18.02,6.47,0.0,6.47,9.6567
747,2005-11-07 00:00:00,2005-11-08 00:00:00,56.5,50.0,6.5,48.8,40.0,8.8,5.26,0.0,5.26,6.8533
748,2005-11-07 06:00:00,2005-11-08 06:00:00,52.33,46.0,6.33,48.0,41.0,7.0,3.86,0.0,3.86,5.73
749,2005-11-07 11:00:00,2005-11-08 11:00:00,66.84,69.0,2.16,50.99,48.0,2.99,6.14,5.0,1.14,2.0967
750,2005-11-07 16:00:00,2005-11-08 16:00:00,72.85,76.0,3.15,53.55,59.0,5.45,7.86,8.0,0.14,2.9133
751,2005-11-07 21:00:00,2005-11-08 21:00:00,58.69,67.0,8.31,46.69,57.0,10.31,4.83,6.0,1.17,6.5967
752,2005-11-08 02:00:00,2005-11-09 02:00:00,53.27,63.0,9.73,45.99,57.0,11.01,5.31,0.0,5.31,8.6833
753,2005-11-08 08:00:00,2005-11-09 08:00:00,52.18,67.0,14.82,46.4,59.0,12.6,5.18,11.0,5.82,11.08
754,2005-11-08 13:00:00,2005-11-09 13:00:00,71.94,79.0,7.06,57.16,57.0,0.16,9.59,17.0,7.41,4.8767
755,2005-11-08 18:00:00,2005-11-09 18:00:00,72.25,73.0,0.75,60.59,58.0,2.59,7.61,11.0,3.39,2.2433
756,2005-11-08 23:00:00,2005-11-09 23:00:00,64.74,65.0,0.26,59.27,65.0,5.73,4.41,13.0,8.59,4.86
757,2005-11-09 04:00:00,2005-11-10 04:00:00,58.28,51.0,7.28,53.08,36.0,17.08,5.62,6.0,0.38,8.2467
758,2005-11-09 10:00:00,2005-11-10 10:00:00,64.02,52.0,12.02,53.51,31.0,22.51,8.95,3.0,5.95,13.4933
759,2005-11-09 15:00:00,2005-11-10 15:00:00,69.07,58.0,11.07,52.59,22.0,30.59,7.64,7.0,0.64,14.1
760,2005-11-09 20:00:00,2005-11-10 20:00:00,62.25,42.0,20.25,47.95,28.0,19.95,7.69,6.0,1.69,13.9633
761,2005-11-10 01:00:00,2005-11-11 01:00:00,52.46,39.0,13.46,45.47,29.0,16.47,7.16,0.0,7.16,12.3633
762,2005-11-10 06:00:00,2005-11-11 06:00:00,48.27,34.0,14.27,39.02,30.0,9.02,4.65,0.0,4.65,9.3133
763,2005-11-10 12:00:00,2005-11-11 12:00:00,52.53,58.0,5.47,42.96,24.0,18.96,7.24,3.0,4.24,9.5567
764,2005-11-10 17:00:00,2005-11-11 17:00:00,54.65,56.0,1.35,34.39,14.0,20.39,7.58,0.0,7.58,9.7733
765,2005-11-10 22:00:00,2005-11-11 22:00:00,48.23,43.0,5.23,34.74,28.0,6.74,5.02,0.0,5.02,5.6633
766,2005-11-11 03:00:00,2005-11-12 03:00:00,41.16,36.0,5.16,33.04,30.0,3.04,4.25,0.0,4.25,4.15
767,2005-11-11 08:00:00,2005-11-12 08:00:00,37.65,40.0,2.35,30.34,32.0,1.66,4.98,0.0,4.98,2.9967
768,2005-11-11 14:00:00,2005-11-12 14:00:00,61.54,65.0,3.46,40.24,30.0,10.24,6.17,3.0,3.17,5.6233
769,2005-11-11 19:00:00,2005-11-12 19:00:00,58.65,52.0,6.65,37.14,33.0,4.14,6.32,0.0,6.32,5.7033
770,2005-11-12 00:00:00,2005-11-13 00:00:00,45.03,52.0,6.97,37.68,32.0,5.68,5.11,10.0,4.89,5.8467
771,2005-11-12 05:00:00,2005-11-13 05:00:00,44.28,46.0,1.72,37.59,36.0,1.59,4.06,5.0,0.94,1.4167
772,2005-11-12 10:00:00,2005-11-13 10:00:00,50.38,59.0,8.62,42.51,41.0,1.51,5.51,3.0,2.51,4.2133
773,2005-11-12 16:00:00,2005-11-13 16:00:00,67.87,68.0,0.13,42.83,56.0,13.17,8.18,14.0,5.82,6.3733
774,2005-11-12 21:00:00,2005-11-13 21:00:00,53.82,63.0,9.18,44.68,58.0,13.32,7.45,8.0,0.55,7.6833
775,2005-11-13 02:00:00,2005-11-14 02:00:00,52.7,61.0,8.3,44.17,58.0,13.83,6.11,0.0,6.11,9.4133
776,2005-11-13 07:00:00,2005-11-14 07:00:00,49.4,59.0,9.6,41.77,58.0,16.23,7.62,3.0,4.62,10.15
777,2005-11-13 13:00:00,2005-11-14 13:00:00,60.44,63.0,2.56,41.08,63.0,21.92,10.59,8.0,2.59,9.0233
778,2005-11-13 18:00:00,2005-11-14 18:00:00,61.73,61.0,0.73,51.99,61.0,9.01,12.08,0.0,12.08,7.2733
779,2005-11-13 23:00:00,2005-11-14 23:00:00,58.03,58.0,0.03,52.02,58.0,5.98,9.29,0.0,9.29,5.1
780,2005-11-14 04:00:00,2005-11-15 04:00:00,59.81,56.0,3.81,53.36,56.0,2.64,11.69,0.0,11.69,6.0467
781,2005-11-14 09:00:00,2005-11-15 09:00:00,63.48,69.0,5.52,54.15,60.0,5.85,14.65,10.0,4.65,5.34
782,2005-11-14 15:00:00,2005-11-15 15:00:00,60.74,76.0,15.26,54.18,56.0,1.82,4.93,21.0,16.07,11.05
783,2005-11-14 20:00:00,2005-11-15 20:00:00,59.95,69.0,9.05,52.0,61.0,9.0,11.04,5.0,6.04,8.03
784,2005-11-15 01:00:00,2005-11-16 01:00:00,52.85,65.0,12.15,48.09,62.0,13.91,5.97,34.0,28.03,18.03
785,2005-11-15 06:00:00,2005-11-16 06:00:00,54.04,50.0,4.04,50.18,47.0,3.18,4.84,15.0,10.16,5.7933
786,2005-11-15 11:00:00,2005-11-16 11:00:00,68.18,46.0,22.18,55.55,39.0,16.55,6.82,10.0,3.18,13.97
787,2005-11-15 17:00:00,2005-11-16 17:00:00,61.85,45.0,16.85,48.92,31.0,17.92,8.74,8.0,0.74,11.8367
788,2005-11-15 22:00:00,2005-11-16 22:00:00,57.2,39.0,18.2,49.91,26.0,23.91,6.0,6.0,0.0,14.0367
789,2005-11-16 03:00:00,2005-11-17 04:00:00,50.48,31.0,19.48,43.6,18.0,25.6,5.04,5.0,0.04,15.04
790,2005-11-16 08:00:00,2005-11-17 09:00:00,44.02,36.0,8.02,37.77,18.0,19.77,6.33,9.0,2.67,10.1533
791,2005-11-16 13:00:00,2005-11-17 14:00:00,49.19,42.0,7.19,34.88,13.0,21.88,6.48,9.0,2.52,10.53
792,2005-11-16 19:00:00,2005-11-17 20:00:00,48.29,33.0,15.29,35.74,12.0,23.74,4.29,8.0,3.71,14.2467
793,2005-11-17 01:00:00,2005-11-18 01:00:00,36.68,29.0,7.68,28.01,14.0,14.01,4.06,8.0,3.94,8.5433
794,2005-11-17 06:00:00,2005-11-18 06:00:00,31.3,24.0,7.3,20.97,16.0,4.97,4.59,6.0,1.41,4.56
795,2005-11-17 11:00:00,2005-11-18 11:00:00,35.84,40.0,4.16,20.67,15.0,5.67,5.07,3.0,2.07,3.9667
796,2005-11-17 16:00:00,2005-11-18 16:00:00,36.79,46.0,9.21,20.08,11.0,9.08,6.93,5.0,1.93,6.74
797,2005-11-17 22:00:00,2005-11-18 22:00:00,34.21,35.0,0.79,21.16,18.0,3.16,3.96,3.0,0.96,1.6367
798,2005-11-18 03:00:00,2005-11-19 03:00:00,31.28,26.0,5.28,19.78,22.0,2.22,3.0,3.0,0.0,2.5
799,2005-11-18 08:00:00,2005-11-19 08:00:00,29.37,31.0,1.63,17.12,24.0,6.88,4.45,0.0,4.45,4.32
800,2005-11-18 13:00:00,2005-11-19 13:00:00,46.61,53.0,6.39,29.28,23.0,6.28,7.05,6.0,1.05,4.5733
801,2005-11-18 18:00:00,2005-11-19 18:00:00,49.27,49.0,0.27,31.53,27.0,4.53,7.24,6.0,1.24,2.0133
802,2005-11-19 00:00:00,2005-11-20 00:00:00,36.15,44.0,7.85,25.43,31.0,5.57,6.05,6.0,0.05,4.49
803,2005-11-19 05:00:00,2005-11-20 05:00:00,33.87,37.0,3.13,24.88,29.0,4.12,4.64,0.0,4.64,3.9633
804,2005-11-19 10:00:00,2005-11-20 10:00:00,37.93,53.0,15.07,31.06,30.0,1.06,6.41,5.0,1.41,5.8467
805,2005-11-19 15:00:00,2005-11-20 15:00:00,57.5,56.0,1.5,36.61,29.0,7.61,9.57,0.0,9.57,6.2267
806,2005-11-19 20:00:00,2005-11-20 20:00:00,51.56,51.0,0.56,40.56,31.0,9.56,8.65,3.0,5.65,5.2567
807,2005-11-20 02:00:00,2005-11-21 02:00:00,43.71,47.0,3.29,37.93,32.0,5.93,7.09,5.0,2.09,3.77
808,2005-11-20 07:00:00,2005-11-21 07:00:00,36.68,47.0,10.32,30.6,32.0,1.4,6.18,10.0,3.82,5.18
809,2005-11-20 12:00:00,2005-11-21 12:00:00,57.2,49.0,8.2,41.34,47.0,5.66,11.18,9.0,2.18,5.3467
810,2005-11-20 17:00:00,2005-11-21 17:00:00,53.15,43.0,10.15,42.08,43.0,0.92,9.74,6.0,3.74,4.9367
811,2005-11-20 23:00:00,2005-11-21 23:00:00,47.48,41.0,6.48,36.02,40.0,3.98,7.86,5.0,2.86,4.44
812,2005-11-21 04:00:00,2005-11-22 04:00:00,46.01,40.0,6.01,37.66,38.0,0.34,9.71,8.0,1.71,2.6867
813,2005-11-21 09:00:00,2005-11-22 09:00:00,45.36,41.0,4.36,35.75,29.0,6.75,9.18,8.0,1.18,4.0967
814,2005-11-21 14:00:00,2005-11-22 14:00:00,35.87,44.0,8.13,25.56,31.0,5.44,12.13,15.0,2.87,5.48
815,2005-11-21 19:00:00,2005-11-22 19:00:00,44.77,38.0,6.77,37.75,30.0,7.75,8.99,8.0,0.99,5.17
816,2005-11-22 01:00:00,2005-11-23 01:00:00,40.51,35.0,5.51,33.75,25.0,8.75,5.82,6.0,0.18,4.8133
817,2005-11-22 06:00:00,2005-11-23 06:00:00,33.95,29.0,4.95,27.51,25.0,2.51,6.37,5.0,1.37,2.9433
818,2005-11-22 11:00:00,2005-11-23 11:00:00,39.62,43.0,3.38,29.21,22.0,7.21,7.16,20.0,12.84,7.81
819,2005-11-22 16:00:00,2005-11-23 16:00:00,43.37,49.0,5.63,29.43,30.0,0.57,7.56,18.0,10.44,5.5467
820,2005-11-22 21:00:00,2005-11-23 21:00:00,39.47,53.0,13.53,27.57,35.0,7.43,6.73,20.0,13.27,11.41
821,2005-11-23 03:00:00,2005-11-24 03:00:00,37.29,49.0,11.71,28.14,38.0,9.86,5.61,15.0,9.39,10.32
822,2005-11-23 08:00:00,2005-11-24 08:00:00,36.91,51.0,14.09,29.31,38.0,8.69,5.03,14.0,8.97,10.5833
823,2005-11-23 13:00:00,2005-11-24 13:00:00,45.77,59.0,13.23,28.82,34.0,5.18,7.71,17.0,9.29,9.2333
824,2005-11-23 18:00:00,2005-11-24 18:00:00,45.02,48.0,2.98,25.74,13.0,12.74,8.11,10.0,1.89,5.87
825,2005-11-23 23:00:00,2005-11-24 23:00:00,45.95,37.0,8.95,28.29,15.0,13.29,8.34,10.0,1.66,7.9667
826,2005-11-24 05:00:00,2005-11-25 05:00:00,43.87,27.0,16.87,33.25,14.0,19.25,9.59,7.0,2.59,12.9033
827,2005-11-24 10:00:00,2005-11-25 10:00:00,48.84,30.0,18.84,33.93,12.0,21.93,9.8,6.0,3.8,14.8567
828,2005-11-24 15:00:00,2005-11-25 15:00:00,50.08,41.0,9.08,31.87,12.0,19.87,9.79,5.0,4.79,11.2467
829,2005-11-24 20:00:00,2005-11-25 20:00:00,42.71,33.0,9.71,24.11,17.0,7.11,8.14,0.0,8.14,8.32
830,2005-11-25 01:00:00,2005-11-26 01:00:00,35.43,28.0,7.43,20.98,20.0,0.98,6.86,0.0,6.86,5.09
831,2005-11-25 07:00:00,2005-11-26 07:00:00,25.01,26.0,0.99,14.61,21.0,6.39,5.52,0.0,5.52,4.3
832,2005-11-25 12:00:00,2005-11-26 12:00:00,35.07,50.0,14.93,22.48,25.0,2.52,6.1,6.0,0.1,5.85
833,2005-11-25 17:00:00,2005-11-26 17:00:00,39.89,49.0,9.11,24.85,27.0,2.15,5.63,3.0,2.63,4.63
834,2005-11-25 22:00:00,2005-11-26 22:00:00,35.34,39.0,3.66,21.12,31.0,9.88,4.59,0.0,4.59,6.0433
835,2005-11-26 03:00:00,2005-11-27 03:00:00,31.93,38.0,6.07,21.31,33.0,11.69,4.53,3.0,1.53,6.43
836,2005-11-26 09:00:00,2005-11-27 09:00:00,36.26,47.0,10.74,26.79,36.0,9.21,5.47,3.0,2.47,7.4733
837,2005-11-26 14:00:00,2005-11-27 14:00:00,57.26,70.0,12.74,39.24,49.0,9.76,9.03,21.0,11.97,11.49
838,2005-11-26 19:00:00,2005-11-27 19:00:00,47.17,63.0,15.83,38.53,51.0,12.47,7.38,11.0,3.62,10.64
839,2005-11-27 00:00:00,2005-11-28 00:00:00,46.12,55.0,8.88,40.32,47.0,6.68,9.03,5.0,4.03,6.53
840,2005-11-27 06:00:00,2005-11-28 06:00:00,44.17,65.0,20.83,39.43,56.0,16.57,8.28,7.0,1.28,12.8933
841,2005-11-27 11:00:00,2005-11-28 11:00:00,51.8,68.0,16.2,40.24,57.0,16.76,9.71,23.0,13.29,15.4167
842,2005-11-27 16:00:00,2005-11-28 16:00:00,48.58,70.0,21.42,34.38,57.0,22.62,7.78,16.0,8.22,17.42
843,2005-11-27 21:00:00,2005-11-28 21:00:00,41.83,72.0,30.17,31.62,58.0,26.38,8.47,23.0,14.53,23.6933
844,2005-11-28 02:00:00,2005-11-29 02:00:00,48.04,50.0,1.96,39.83,48.0,8.17,6.18,9.0,2.82,4.3167
845,2005-11-28 08:00:00,2005-11-29 08:00:00,63.46,51.0,12.46,50.48,47.0,3.48,12.43,10.0,2.43,6.1233
846,2005-11-28 13:00:00,2005-11-29 13:00:00,59.01,59.0,0.01,47.25,38.0,9.25,10.99,25.0,14.01,7.7567
847,2005-11-28 18:00:00,2005-11-29 18:00:00,58.56,49.0,9.56,46.15,33.0,13.15,10.31,15.0,4.69,9.1333
848,2005-11-28 23:00:00,2005-11-29 23:00:00,55.4,37.0,18.4,42.98,28.0,14.98,10.99,6.0,4.99,12.79
849,2005-11-29 04:00:00,2005-11-30 04:00:00,41.24,33.0,8.24,33.57,25.0,8.57,6.18,7.0,0.82,5.8767
850,2005-11-29 10:00:00,2005-11-30 10:00:00,47.19,39.0,8.19,37.49,27.0,10.49,5.99,3.0,2.99,7.2233
851,2005-11-29 15:00:00,2005-11-30 15:00:00,52.71,47.0,5.71,36.95,22.0,14.95,7.63,8.0,0.37,7.01
852,2005-11-29 20:00:00,2005-11-30 20:00:00,46.09,36.0,10.09,28.57,25.0,3.57,6.45,5.0,1.45,5.0367
853,2005-11-30 01:00:00,2005-12-01 01:00:00,36.67,30.0,6.67,27.17,26.0,1.17,5.05,3.0,2.05,3.2967
854,2005-11-30 06:00:00,2005-12-01 06:00:00,35.25,30.0,5.25,26.37,28.0,1.63,5.16,0.0,5.16,4.0133
855,2005-11-30 12:00:00,2005-12-01 12:00:00,41.98,45.0,3.02,28.67,27.0,1.67,6.25,10.0,3.75,2.8133
856,2005-11-30 17:00:00,2005-12-01 17:00:00,47.02,47.0,0.02,29.27,29.0,0.27,5.73,17.0,11.27,3.8533
857,2005-11-30 22:00:00,2005-12-01 22:00:00,40.97,38.0,2.97,31.61,25.0,6.61,4.91,7.0,2.09,3.89
858,2005-12-01 03:00:00,2005-12-02 03:00:00,34.85,32.0,2.85,25.43,24.0,1.43,7.2,5.0,2.2,2.16
859,2005-12-01 08:00:00,2005-12-02 08:00:00,33.62,29.0,4.62,25.4,20.0,5.4,7.71,8.0,0.29,3.4367
860,2005-12-01 14:00:00,2005-12-02 14:00:00,47.3,43.0,4.3,32.14,15.0,17.14,11.05,0.0,11.05,10.83
861,2005-12-01 19:00:00,2005-12-02 19:00:00,40.92,36.0,4.92,25.89,18.0,7.89,8.82,3.0,5.82,6.21
862,2005-12-02 00:00:00,2005-12-03 00:00:00,35.42,28.0,7.42,26.64,20.0,6.64,6.48,0.0,6.48,6.8467
863,2005-12-02 05:00:00,2005-12-03 05:00:00,33.11,31.0,2.11,24.03,24.0,0.03,5.06,7.0,1.94,1.36
864,2005-12-02 10:00:00,2005-12-03 10:00:00,34.09,35.0,0.91,23.11,28.0,4.89,6.55,5.0,1.55,2.45
865,2005-12-02 16:00:00,2005-12-03 16:00:00,45.28,36.0,9.28,28.62,30.0,1.38,7.06,0.0,7.06,5.9067
866,2005-12-02 21:00:00,2005-12-03 21:00:00,37.31,37.0,0.31,24.13,32.0,7.87,4.19,0.0,4.19,4.1233
867,2005-12-03 02:00:00,2005-12-04 02:00:00,36.87,39.0,2.13,28.35,32.0,3.65,5.01,0.0,5.01,3.5967
868,2005-12-03 07:00:00,2005-12-04 07:00:00,38.08,56.0,17.92,30.67,31.0,0.33,5.8,14.0,8.2,8.8167
869,2005-12-03 12:00:00,2005-12-04 12:00:00,43.11,50.0,6.89,35.52,30.0,5.52,7.11,8.0,0.89,4.4333
870,2005-12-03 18:00:00,2005-12-04 18:00:00,41.22,42.0,0.78,34.41,28.0,6.41,6.36,9.0,2.64,3.2767
871,2005-12-03 23:00:00,2005-12-04 23:00:00,40.64,40.0,0.64,35.41,31.0,4.41,6.76,8.0,1.24,2.0967
872,2005-12-04 04:00:00,2005-12-05 04:00:00,38.55,39.0,0.45,33.02,21.0,12.02,6.64,7.0,0.36,4.2767
873,2005-12-04 09:00:00,2005-12-05 09:00:00,49.07,38.0,11.07,32.58,36.0,3.42,10.4,11.0,0.6,5.03
874,2005-12-04 15:00:00,2005-12-05 15:00:00,48.34,37.0,11.34,39.61,31.0,8.61,7.97,9.0,1.03,6.9933
875,2005-12-04 20:00:00,2005-12-05 20:00:00,41.21,35.0,6.21,30.11,25.0,5.11,7.62,7.0,0.62,3.98
876,2005-12-05 01:00:00,2005-12-06 01:00:00,36.71,31.0,5.71,26.2,23.0,3.2,6.58,0.0,6.58,5.1633
877,2005-12-05 06:00:00,2005-12-06 06:00:00,37.27,23.0,14.27,29.44,21.0,8.44,5.19,6.0,0.81,7.84
878,2005-12-05 11:00:00,2005-12-06 11:00:00,38.75,37.0,1.75,30.18,24.0,6.18,5.86,9.0,3.14,3.69
879,2005-12-05 17:00:00,2005-12-06 17:00:00,36.26,35.0,1.26,25.92,20.0,5.92,6.37,7.0,0.63,2.6033
880,2005-12-05 22:00:00,2005-12-06 22:00:00,34.21,30.0,4.21,25.5,22.0,3.5,6.14,0.0,6.14,4.6167
881,2005-12-06 03:00:00,2005-12-07 03:00:00,34.75,22.0,12.75,27.31,19.0,8.31,5.03,5.0,0.03,7.03
882,2005-12-06 08:00:00,2005-12-07 08:00:00,33.67,26.0,7.67,25.7,23.0,2.7,5.43,0.0,5.43,5.2667
883,2005-12-06 13:00:00,2005-12-07 13:00:00,43.18,46.0,2.82,28.78,20.0,8.78,9.87,10.0,0.13,3.91
884,2005-12-06 19:00:00,2005-12-07 19:00:00,42.79,37.0,5.79,28.18,22.0,6.18,6.5,7.0,0.5,4.1567
885,2005-12-07 00:00:00,2005-12-08 00:00:00,35.31,35.0,0.31,25.82,23.0,2.82,4.94,9.0,4.06,2.3967
886,2005-12-07 05:00:00,2005-12-08 05:00:00,32.21,33.0,0.79,24.04,23.0,1.04,2.99,6.0,3.01,1.6133
887,2005-12-07 10:00:00,2005-12-08 10:00:00,38.99,44.0,5.01,28.93,25.0,3.93,6.58,7.0,0.42,3.12
888,2005-12-07 15:00:00,2005-12-08 15:00:00,48.78,46.0,2.78,29.49,34.0,4.51,7.61,8.0,0.39,2.56
889,2005-12-07 21:00:00,2005-12-08 21:00:00,40.39,42.0,1.61,28.15,41.0,12.85,6.38,16.0,9.62,8.0267
890,2005-12-08 02:00:00,2005-12-09 02:00:00,37.04,38.0,0.96,27.75,33.0,5.25,6.0,15.0,9.0,5.07
891,2005-12-08 07:00:00,2005-12-09 07:00:00,37.32,28.0,9.32,29.08,20.0,9.08,5.85,3.0,2.85,7.0833
892,2005-12-08 12:00:00,2005-12-09 12:00:00,48.41,35.0,13.41,32.74,16.0,16.74,7.18,7.0,0.18,10.11
893,2005-12-08 17:00:00,2005-12-09 17:00:00,47.79,35.0,12.79,37.29,17.0,20.29,9.29,3.0,6.29,13.1233
894,2005-12-08 23:00:00,2005-12-09 23:00:00,40.98,26.0,14.98,30.0,20.0,10.0,8.07,5.0,3.07,9.35
895,2005-12-09 04:00:00,2005-12-10 04:00:00,34.06,22.0,12.06,23.55,20.0,3.55,6.34,0.0,6.34,7.3167
896,2005-12-09 09:00:00,2005-12-10 09:00:00,33.43,27.0,6.43,21.14,23.0,1.86,7.13,0.0,7.13,5.14
897,2005-12-09 14:00:00,2005-12-10 14:00:00,38.11,50.0,11.89,22.15,21.0,1.15,7.82,18.0,10.18,7.74
898,2005-12-09 19:00:00,2005-12-10 19:00:00,34.35,38.0,3.65,21.97,21.0,0.97,7.28,9.0,1.72,2.1133
899,2005-12-10 01:00:00,2005-12-11 01:00:00,30.82,36.0,5.18,21.43,26.0,4.57,5.29,10.0,4.71,4.82
900,2005-12-10 06:00:00,2005-12-11 06:00:00,28.13,36.0,7.87,18.78,29.0,10.22,4.12,14.0,9.88,9.3233
901,2005-12-10 11:00:00,2005-12-11 11:00:00,39.97,40.0,0.03,26.54,27.0,0.46,8.43,16.0,7.57,2.6867
902,2005-12-10 16:00:00,2005-12-11 16:00:00,47.91,41.0,6.91,27.16,27.0,0.16,9.9,9.0,0.9,2.6567
903,2005-12-10 21:00:00,2005-12-11 21:00:00,40.26,39.0,1.26,28.85,28.0,0.85,8.1,7.0,1.1,1.07
904,2005-12-11 03:00:00,2005-12-12 03:00:00,34.9,39.0,4.1,25.2,32.0,6.8,6.64,8.0,1.36,4.0867
905,2005-12-11 08:00:00,2005-12-12 08:00:00,33.83,42.0,8.17,25.66,31.0,5.34,6.48,15.0,8.52,7.3433
906,2005-12-11 13:00:00,2005-12-12 13:00:00,34.61,46.0,11.39,22.73,32.0,9.27,6.54,11.0,4.46,8.3733
907,2005-12-11 18:00:00,2005-12-12 18:00:00,38.34,40.0,1.66,25.4,34.0,8.6,7.35,7.0,0.35,3.5367
908,2005-12-12 00:00:00,2005-12-13 00:00:00,39.78,37.0,2.78,28.37,27.0,1.37,7.3,9.0,1.7,1.95
909,2005-12-12 05:00:00,2005-12-13 05:00:00,37.37,33.0,4.37,28.26,25.0,3.26,5.47,6.0,0.53,2.72
910,2005-12-12 10:00:00,2005-12-13 10:00:00,46.07,36.0,10.07,29.34,21.0,8.34,10.85,5.0,5.85,8.0867
911,2005-12-12 15:00:00,2005-12-13 15:00:00,43.9,42.0,1.9,27.03,21.0,6.03,11.32,7.0,4.32,4.0833
912,2005-12-12 20:00:00,2005-12-13 20:00:00,39.96,30.0,9.96,29.53,21.0,8.53,5.49,7.0,1.51,6.6667
913,2005-12-13 02:00:00,2005-12-14 02:00:00,33.6,33.0,0.6,25.36,22.0,3.36,5.65,0.0,5.65,3.2033
914,2005-12-13 07:00:00,2005-12-14 07:00:00,35.87,33.0,2.87,27.09,22.0,5.09,4.82,0.0,4.82,4.26
915,2005-12-13 12:00:00,2005-12-14 12:00:00,38.23,40.0,1.77,25.0,25.0,0.0,8.41,5.0,3.41,1.7267
916,2005-12-13 17:00:00,2005-12-14 17:00:00,38.31,39.0,0.69,24.12,28.0,3.88,7.66,5.0,2.66,2.41
917,2005-12-13 22:00:00,2005-12-14 22:00:00,32.46,39.0,6.54,20.31,26.0,5.69,6.08,5.0,1.08,4.4367
918,2005-12-14 04:00:00,2005-12-15 04:00:00,35.56,35.0,0.56,24.58,33.0,8.42,6.09,9.0,2.91,3.9633
919,2005-12-14 09:00:00,2005-12-15 09:00:00,38.46,38.0,0.46,31.09,38.0,6.91,5.57,5.0,0.57,2.6467
920,2005-12-14 14:00:00,2005-12-15 14:00:00,43.15,42.0,1.15,33.09,41.0,7.91,7.62,9.0,1.38,3.48
921,2005-12-14 19:00:00,2005-12-15 19:00:00,41.48,42.0,0.52,35.07,40.0,4.93,6.03,11.0,4.97,3.4733
922,2005-12-15 00:00:00,2005-12-16 00:00:00,39.15,32.0,7.15,32.92,31.0,1.92,6.99,7.0,0.01,3.0267
923,2005-12-15 06:00:00,2005-12-16 06:00:00,36.0,29.0,7.0,30.24,27.0,3.24,4.92,9.0,4.08,4.7733
924,2005-12-15 11:00:00,2005-12-16 11:00:00,39.61,40.0,0.39,32.93,26.0,6.93,5.49,11.0,5.51,4.2767
925,2005-12-15 16:00:00,2005-12-16 16:00:00,42.9,38.0,4.9,34.51,24.0,10.51,6.15,9.0,2.85,6.0867
926,2005-12-15 21:00:00,2005-12-16 21:00:00,38.41,35.0,3.41,30.71,25.0,5.71,5.37,5.0,0.37,3.1633
927,2005-12-16 02:00:00,2005-12-17 02:00:00,33.91,34.0,0.09,26.35,28.0,1.65,6.11,0.0,6.11,2.6167
928,2005-12-16 08:00:00,2005-12-17 08:00:00,31.83,35.0,3.17,22.99,29.0,6.01,6.07,7.0,0.93,3.37
929,2005-12-16 13:00:00,2005-12-17 13:00:00,40.48,44.0,3.52,26.24,22.0,4.24,8.47,9.0,0.53,2.7633
930,2005-12-16 18:00:00,2005-12-17 18:00:00,38.52,41.0,2.48,25.77,25.0,0.77,7.38,8.0,0.62,1.29
931,2005-12-16 23:00:00,2005-12-17 23:00:00,38.23,38.0,0.23,29.38,27.0,2.38,5.78,3.0,2.78,1.7967
932,2005-12-17 04:00:00,2005-12-18 04:00:00,39.28,35.0,4.28,33.67,27.0,6.67,6.13,3.0,3.13,4.6933
933,2005-12-17 10:00:00,2005-12-18 10:00:00,40.16,43.0,2.84,32.62,29.0,3.62,7.02,8.0,0.98,2.48
934,2005-12-17 15:00:00,2005-12-18 15:00:00,45.73,51.0,5.27,31.83,24.0,7.83,8.15,3.0,5.15,6.0833
935,2005-12-17 20:00:00,2005-12-18 20:00:00,40.97,41.0,0.03,32.02,28.0,4.02,7.34,3.0,4.34,2.7967
936,2005-12-18 01:00:00,2005-12-19 01:00:00,40.3,36.0,4.3,32.64,23.0,9.64,5.59,6.0,0.41,4.7833
937,2005-12-18 07:00:00,2005-12-19 07:00:00,39.24,29.0,10.24,34.08,23.0,11.08,5.1,6.0,0.9,7.4067
938,2005-12-18 12:00:00,2005-12-19 12:00:00,46.7,38.0,8.7,35.5,24.0,11.5,7.75,9.0,1.25,7.15
939,2005-12-18 17:00:00,2005-12-19 17:00:00,52.12,32.0,20.12,32.54,23.0,9.54,7.01,11.0,3.99,11.2167
940,2005-12-18 22:00:00,2005-12-19 22:00:00,44.56,26.0,18.56,33.32,18.0,15.32,8.14,5.0,3.14,12.34
941,2005-12-19 03:00:00,2005-12-20 03:00:00,38.2,22.0,16.2,29.48,16.0,13.48,6.06,7.0,0.94,10.2067
942,2005-12-19 09:00:00,2005-12-20 09:00:00,38.79,26.0,12.79,30.27,13.0,17.27,6.26,8.0,1.74,10.6
943,2005-12-19 14:00:00,2005-12-20 14:00:00,39.78,38.0,1.78,27.04,11.0,16.04,8.5,7.0,1.5,6.44
944,2005-12-19 19:00:00,2005-12-20 19:00:00,33.28,30.0,3.28,21.76,11.0,10.76,6.39,8.0,1.61,5.2167
945,2005-12-20 00:00:00,2005-12-21 00:00:00,28.88,25.0,3.88,19.79,12.0,7.79,3.94,7.0,3.06,4.91
946,2005-12-20 05:00:00,2005-12-21 05:00:00,27.35,19.0,8.35,17.96,13.0,4.96,3.85,0.0,3.85,5.72
947,2005-12-20 11:00:00,2005-12-21 11:00:00,33.99,33.0,0.99,17.84,12.0,5.84,5.37,0.0,5.37,4.0667
948,2005-12-20 16:00:00,2005-12-21 16:00:00,43.79,37.0,6.79,21.71,11.0,10.71,7.01,0.0,7.01,8.17
949,2005-12-20 21:00:00,2005-12-21 21:00:00,35.38,28.0,7.38,19.85,13.0,6.85,5.42,0.0,5.42,6.55
950,2005-12-21 02:00:00,2005-12-22 02:00:00,32.43,21.0,11.43,22.3,16.0,6.3,6.32,0.0,6.32,8.0167
951,2005-12-21 07:00:00,2005-12-22 07:00:00,29.79,15.0,14.79,21.71,12.0,9.71,4.44,3.0,1.44,8.6467
952,2005-12-21 13:00:00,2005-12-22 13:00:00,41.1,42.0,0.9,27.1,17.0,10.1,9.19,3.0,6.19,5.73
953,2005-12-21 18:00:00,2005-12-22 18:00:00,39.75,39.0,0.75,25.77,18.0,7.77,9.78,5.0,4.78,4.4333
954,2005-12-21 23:00:00,2005-12-22 23:00:00,32.18,25.0,7.18,22.74,18.0,4.74,6.74,3.0,3.74,5.22
955,2005-12-22 04:00:00,2005-12-23 04:00:00,30.33,23.0,7.33,21.33,18.0,3.33,4.22,3.0,1.22,3.96
956,2005-12-22 09:00:00,2005-12-23 09:00:00,29.4,30.0,0.6,19.48,23.0,3.52,5.41,5.0,0.41,1.51
957,2005-12-22 15:00:00,2005-12-23 15:00:00,45.94,52.0,6.06,32.2,21.0,11.2,7.7,14.0,6.3,7.8533
958,2005-12-22 20:00:00,2005-12-23 20:00:00,36.92,35.0,1.92,24.1,23.0,1.1,7.78,8.0,0.22,1.08
959,2005-12-23 01:00:00,2005-12-24 01:00:00,26.9,29.0,2.1,16.39,24.0,7.61,7.93,0.0,7.93,5.88
960,2005-12-23 06:00:00,2005-12-24 06:00:00,27.74,21.0,6.74,17.21,19.0,1.79,7.1,5.0,2.1,3.5433
961,2005-12-23 11:00:00,2005-12-24 11:00:00,38.72,45.0,6.28,27.35,24.0,3.35,6.99,3.0,3.99,4.54
962,2005-12-23 17:00:00,2005-12-24 17:00:00,40.62,51.0,10.38,23.28,26.0,2.72,9.2,7.0,2.2,5.1
963,2005-12-23 22:00:00,2005-12-24 22:00:00,37.27,41.0,3.73,24.82,41.0,16.18,6.87,7.0,0.13,6.68
964,2005-12-24 03:00:00,2005-12-25 03:00:00,35.64,40.0,4.36,27.03,40.0,12.97,6.22,5.0,1.22,6.1833
965,2005-12-24 08:00:00,2005-12-25 08:00:00,34.04,43.0,8.96,23.48,41.0,17.52,6.53,3.0,3.53,10.0033
966,2005-12-24 13:00:00,2005-12-25 13:00:00,46.29,47.0,0.71,30.14,45.0,14.86,8.38,13.0,4.62,6.73
967,2005-12-24 19:00:00,2005-12-25 19:00:00,45.74,43.0,2.74,32.97,42.0,9.03,8.11,11.0,2.89,4.8867
968,2005-12-25 00:00:00,2005-12-26 00:00:00,36.17,38.0,1.83,26.0,33.0,7.0,8.59,11.0,2.41,3.7467
969,2005-12-25 05:00:00,2005-12-26 05:00:00,39.22,37.0,2.22,32.65,34.0,1.35,7.33,9.0,1.67,1.7467
970,2005-12-25 10:00:00,2005-12-26 10:00:00,42.54,40.0,2.54,36.35,35.0,1.35,9.39,11.0,1.61,1.8333
971,2005-12-25 16:00:00,2005-12-26 16:00:00,39.35,39.0,0.35,27.65,31.0,3.35,9.95,9.0,0.95,1.55
972,2005-12-25 21:00:00,2005-12-26 21:00:00,39.62,37.0,2.62,28.39,31.0,2.61,8.06,9.0,0.94,2.0567
973,2005-12-26 02:00:00,2005-12-27 02:00:00,32.3,35.0,2.7,23.51,30.0,6.49,6.28,7.0,0.72,3.3033
974,2005-12-26 07:00:00,2005-12-27 07:00:00,33.81,30.0,3.81,26.65,28.0,1.35,5.0,0.0,5.0,3.3867
975,2005-12-26 12:00:00,2005-12-27 12:00:00,40.48,48.0,7.52,29.25,35.0,5.75,5.98,0.0,5.98,6.4167
976,2005-12-26 18:00:00,2005-12-27 18:00:00,39.05,50.0,10.95,29.11,37.0,7.89,5.38,5.0,0.38,6.4067
977,2005-12-26 23:00:00,2005-12-27 23:00:00,36.51,38.0,1.49,29.82,35.0,5.18,4.28,3.0,1.28,2.65
978,2005-12-27 04:00:00,2005-12-28 04:00:00,36.08,38.0,1.92,30.15,35.0,4.85,3.95,5.0,1.05,2.6067
979,2005-12-27 09:00:00,2005-12-28 09:00:00,38.36,42.0,3.64,32.46,40.0,7.54,3.56,5.0,1.44,4.2067
980,2005-12-27 14:00:00,2005-12-28 14:00:00,53.32,64.0,10.68,38.2,48.0,9.8,6.53,24.0,17.47,12.65
981,2005-12-27 20:00:00,2005-12-28 20:00:00,48.08,51.0,2.92,39.82,48.0,8.18,6.73,8.0,1.27,4.1233
982,2005-12-28 01:00:00,2005-12-29 01:00:00,42.15,47.0,4.85,36.75,42.0,5.25,4.41,10.0,5.59,5.23
983,2005-12-28 06:00:00,2005-12-29 06:00:00,44.08,41.0,3.08,40.09,36.0,4.09,3.94,17.0,13.06,6.7433
984,2005-12-28 11:00:00,2005-12-29 11:00:00,46.1,41.0,5.1,37.64,34.0,3.64,8.7,16.0,7.3,5.3467
985,2005-12-28 16:00:00,2005-12-29 16:00:00,53.08,40.0,13.08,36.56,34.0,2.56,11.04,8.0,3.04,6.2267
986,2005-12-28 22:00:00,2005-12-29 22:00:00,40.8,38.0,2.8,30.46,34.0,3.54,8.07,7.0,1.07,2.47
987,2005-12-29 03:00:00,2005-12-30 03:00:00,41.94,37.0,4.94,32.33,35.0,2.67,6.87,0.0,6.87,4.8267
988,2005-12-29 08:00:00,2005-12-30 08:00:00,32.37,37.0,4.63,23.96,34.0,10.04,6.02,3.0,3.02,5.8967
989,2005-12-29 13:00:00,2005-12-30 13:00:00,38.31,43.0,4.69,28.93,36.0,7.07,6.2,0.0,6.2,5.9867
990,2005-12-29 18:00:00,2005-12-30 18:00:00,38.08,41.0,2.92,28.51,35.0,6.49,5.37,3.0,2.37,3.9267
991,2005-12-30 00:00:00,2005-12-31 00:00:00,37.12,40.0,2.88,31.34,39.0,7.66,3.57,6.0,2.43,4.3233
992,2005-12-30 05:00:00,2005-12-31 05:00:00,36.18,39.0,2.82,31.83,37.0,5.17,5.08,9.0,3.92,3.97
993,2005-12-30 10:00:00,2005-12-31 10:00:00,39.58,46.0,6.42,32.79,38.0,5.21,5.21,10.0,4.79,5.4733
994,2005-12-30 15:00:00,2005-12-31 15:00:00,50.33,50.0,0.33,38.62,32.0,6.62,7.71,13.0,5.29,4.08
995,2005-12-30 20:00:00,2005-12-31 20:00:00,42.29,39.0,3.29,35.32,32.0,3.32,4.05,9.0,4.95,3.8533
996,2005-12-31 02:00:00,2006-01-01 02:00:00,39.2,36.0,3.2,34.33,31.0,3.33,5.27,0.0,5.27,3.9333
997,2005-12-31 07:00:00,2006-01-01 07:00:00,47.5,28.0,19.5,37.52,27.0,10.52,8.63,6.0,2.63,10.8833
998,2005-12-31 12:00:00,2006-01-01 12:00:00,44.16,53.0,8.84,31.79,31.0,0.79,8.94,3.0,5.94,5.19
999,2005-12-31 17:00:00,2006-01-01 17:00:00,45.59,53.0,7.41,30.71,31.0,0.29,8.68,4.0,4.68,4.1267
1000,2005-12-31 23:00:00,2006-01-01 23:00:00,37.78,49.0,11.22,30.48,38.0,7.52,5.64,3.0,2.64,7.1267
